hi,inventory_lpr_in_service,lo,q4_over_q1,recall50_2026-01-01,recall50_2026-09-22,state
,14985,,,0.2274,0.4816,GA
,3460,,,0.3497,0.4991,AZ
,3488,,,0.283,0.5889,TN
,2792,,,0.3918,0.6186,AL
,902,,,0.2129,0.6231,MS
,2170,,,0.288,0.641,SC
,7834,,,0.3684,0.6686,FL
,687,,,0.3348,0.6696,AR
,1822,,,0.3002,0.674,LA
,102,,,0.3235,0.6765,DC
,16928,,,0.3766,0.6803,TX
,1094,,,0.3739,0.6819,MA
,35,,,0.5143,0.6857,ME
,344,,,0.3372,0.689,NE
,1269,,,0.327,0.6958,NJ
,2572,,,0.5311,0.7084,CO
,14,,,0.3571,0.7143,HI
,1903,,,0.3789,0.7178,KY
,3363,,,0.4496,0.719,IN
,3248,,,0.3414,0.7198,NC
,317,,,0.612,0.7256,OR
,755,,,0.4185,0.7258,NV
,766,,,0.342,0.7298,MD
,6821,,,0.4294,0.7377,OH
,19400,,,0.4122,0.7388,CA
,6012,,,0.4762,0.7407,IL
,2492,,,0.3804,0.746,MO
,1029,,,0.6259,0.7502,MN
,1911,,,0.6175,0.752,WI
,113,,,0.4602,0.7522,SD
,1931,,,0.3677,0.753,NY
,1206,,,0.4818,0.7604,OK
,573,,,0.5323,0.7627,NM
,1864,,,0.5279,0.7639,WA
,1005,,,0.3413,0.7662,PA
,1232,,,0.4115,0.7792,KS
,3117,,,0.5473,0.7793,VA
,399,,,0.3383,0.782,DE
,735,,,0.4707,0.7891,CT
,118,,,0.339,0.8051,WV
,397,,,0.5416,0.806,UT
,278,,,0.464,0.8345,RI
,2976,,,0.7624,0.8387,MI
,700,,,0.6771,0.8529,IA
,239,,,0.5858,0.8996,ID
,50,,,0.56,0.9,MT
,97,,,0.7423,0.9485,ND
,63,,,0.7778,0.9524,WY
,4,,,0.0,1.0,NH
,10,,,0.5,1.0,VT
1.0206,,0.8952,0.9559,,,coverage:2026-01-01:black:within county
0.9983,,0.8807,0.938,,,coverage:2026-01-01:black:county x density
1.0594,,0.9483,1.0031,,,coverage:2026-01-01:hispanic:within county
1.0513,,0.9401,0.9959,,,coverage:2026-01-01:hispanic:county x density
1.1314,,0.9954,1.0588,,,coverage:2026-01-01:income:within county
1.1481,,1.0226,1.0821,,,coverage:2026-01-01:income:county x density
0.9822,,0.9041,0.9446,,,coverage:2026-09-22:black:within county
0.9717,,0.8917,0.9319,,,coverage:2026-09-22:black:county x density
1.0495,,0.9786,1.0146,,,coverage:2026-09-22:hispanic:within county
1.0395,,0.971,1.0064,,,coverage:2026-09-22:hispanic:county x density
1.1112,,1.0137,1.0576,,,coverage:2026-09-22:income:within county
1.1279,,1.0322,1.075,,,coverage:2026-09-22:income:county x density
