statistic,osm,osm_lo,osm_hi,merged,merged_lo,merged_hi,diff,diff_lo,diff_hi
passing >=1 camera (%),75.30722831246507,74.83781750707881,75.7516593116305,78.55027453787527,78.11158181375308,78.96414243232464,3.243046225410197,3.035460003498196,3.459709478017721
passing >=5 cameras (%),36.54497374414584,35.92128909317376,37.12497546203686,42.01308958986314,41.396801443127295,42.58556175353975,5.4681158457173,5.15150614420272,5.79163991899211
mean cameras passed,5.142981217355953,5.046054945405865,5.240406269206248,6.236928198264683,6.111395212384255,6.362963004999754,1.09394698090873,1.056635528146055,1.1329072573068588
median cameras passed,3.0,3.0,3.0,3.0,3.0,3.0,0.0,0.0,0.0
cameras per km,0.09629509471881924,0.09423830059687147,0.09841524475688909,0.11677771436916466,0.1143702626600681,0.1193039615514458,0.020482619650345424,0.01986121112645149,0.02116998140410328
"reduced to zero, all (%)",84.20895634375151,83.73838599978849,84.69045481086575,80.75079044128528,80.23215290766753,81.278635625628,-3.4581659024662343,-3.7963686646422876,-3.1333511819119066
"reduced to zero, of exposed (%)",79.03117136282292,78.41129998029156,79.65050840641408,75.49440829842908,74.8535967267238,76.13260818617682,-3.5367630643938384,-3.9691994684407104,-3.105886290593391
residual exposure (% of baseline),5.140136250471928,4.965890867884468,5.319858018234223,5.703800669032916,5.518355893064965,5.89335720187596,0.5636644185609887,0.44585953302371106,0.6858604819397307
"median extra min, all",1.6175,1.5654774999999999,1.6764,2.2851,2.2064,2.3655174999999997,0.6676,0.6209,0.7193075
"median extra min, exposed",3.1378,3.0490725000000003,3.222,3.921,3.8188,4.0248,0.7831999999999999,0.7164974999999999,0.85172
"mean extra min, all",5.616329830035394,5.45451874692587,5.791341779745192,7.387176026548445,7.172972928557277,7.615832300300607,1.7708461965130518,1.6746503928915133,1.8786937137168231
"median extra km, all",0.5735,0.5452975,0.6022149999999998,0.868,0.8328975,0.9046049999999999,0.2945,0.27369499999999997,0.3173
median overhead (%),6.705384791488438,6.502119156342505,6.927974080047747,9.711580114305944,9.480660542351663,9.969937381892795,3.006195322817506,2.8499032181592994,3.195249423189236
mean overhead (%),13.267826980030607,12.995828069830115,13.533677092690596,17.216201034611952,16.888344187360854,17.53204589002899,3.948374054581345,3.783511174672153,4.108432421597765
median min per camera evaded,0.7645857142857143,0.749995,0.78045625,0.834725,0.8213945833333334,0.8518545833333333,0.07013928571428574,0.0592158035714286,0.0824444166666666
