date,state,cameras,per_100k
2024-01-01,ak,0,0.0
2024-01-01,al,1,0.02
2024-01-01,ar,0,0.0
2024-01-01,az,0,0.0
2024-01-01,ca,67,0.17
2024-01-01,co,0,0.0
2024-01-01,ct,0,0.0
2024-01-01,dc,0,0.0
2024-01-01,de,0,0.0
2024-01-01,fl,54,0.25
2024-01-01,ga,27,0.25
2024-01-01,hi,0,0.0
2024-01-01,ia,0,0.0
2024-01-01,id,0,0.0
2024-01-01,il,317,2.48
2024-01-01,in,5,0.07
2024-01-01,ks,18,0.61
2024-01-01,ky,1,0.02
2024-01-01,la,0,0.0
2024-01-01,ma,77,1.1
2024-01-01,md,2,0.03
2024-01-01,me,2,0.15
2024-01-01,mi,38,0.38
2024-01-01,mn,1,0.02
2024-01-01,mo,1,0.02
2024-01-01,ms,0,0.0
2024-01-01,mt,0,0.0
2024-01-01,nc,2,0.02
2024-01-01,nd,0,0.0
2024-01-01,ne,0,0.0
2024-01-01,nh,20,1.45
2024-01-01,nj,12,0.13
2024-01-01,nm,1,0.05
2024-01-01,nv,0,0.0
2024-01-01,ny,61,0.31
2024-01-01,oh,267,2.27
2024-01-01,ok,47,1.18
2024-01-01,or,0,0.0
2024-01-01,pa,24,0.18
2024-01-01,ri,0,0.0
2024-01-01,sc,0,0.0
2024-01-01,sd,0,0.0
2024-01-01,tn,0,0.0
2024-01-01,tx,61,0.21
2024-01-01,ut,0,0.0
2024-01-01,va,3,0.03
2024-01-01,vt,0,0.0
2024-01-01,wa,3,0.04
2024-01-01,wi,0,0.0
2024-01-01,wv,0,0.0
2024-01-01,wy,0,0.0
2024-02-01,ak,0,0.0
2024-02-01,al,1,0.02
2024-02-01,ar,0,0.0
2024-02-01,az,0,0.0
2024-02-01,ca,69,0.18
2024-02-01,co,0,0.0
2024-02-01,ct,0,0.0
2024-02-01,dc,0,0.0
2024-02-01,de,0,0.0
2024-02-01,fl,56,0.26
2024-02-01,ga,27,0.25
2024-02-01,hi,0,0.0
2024-02-01,ia,0,0.0
2024-02-01,id,0,0.0
2024-02-01,il,338,2.65
2024-02-01,in,6,0.09
2024-02-01,ks,18,0.61
2024-02-01,ky,1,0.02
2024-02-01,la,0,0.0
2024-02-01,ma,77,1.1
2024-02-01,md,2,0.03
2024-02-01,me,2,0.15
2024-02-01,mi,38,0.38
2024-02-01,mn,1,0.02
2024-02-01,mo,1,0.02
2024-02-01,ms,0,0.0
2024-02-01,mt,0,0.0
2024-02-01,nc,2,0.02
2024-02-01,nd,0,0.0
2024-02-01,ne,0,0.0
2024-02-01,nh,20,1.45
2024-02-01,nj,12,0.13
2024-02-01,nm,1,0.05
2024-02-01,nv,0,0.0
2024-02-01,ny,61,0.31
2024-02-01,oh,267,2.27
2024-02-01,ok,52,1.31
2024-02-01,or,0,0.0
2024-02-01,pa,24,0.18
2024-02-01,ri,0,0.0
2024-02-01,sc,0,0.0
2024-02-01,sd,0,0.0
2024-02-01,tn,0,0.0
2024-02-01,tx,75,0.26
2024-02-01,ut,0,0.0
2024-02-01,va,3,0.03
2024-02-01,vt,0,0.0
2024-02-01,wa,3,0.04
2024-02-01,wi,0,0.0
2024-02-01,wv,0,0.0
2024-02-01,wy,0,0.0
2024-03-01,ak,0,0.0
2024-03-01,al,1,0.02
2024-03-01,ar,0,0.0
2024-03-01,az,0,0.0
2024-03-01,ca,83,0.21
2024-03-01,co,0,0.0
2024-03-01,ct,0,0.0
2024-03-01,dc,0,0.0
2024-03-01,de,0,0.0
2024-03-01,fl,56,0.26
2024-03-01,ga,27,0.25
2024-03-01,hi,0,0.0
2024-03-01,ia,0,0.0
2024-03-01,id,0,0.0
2024-03-01,il,359,2.81
2024-03-01,in,6,0.09
2024-03-01,ks,20,0.68
2024-03-01,ky,1,0.02
2024-03-01,la,0,0.0
2024-03-01,ma,77,1.1
2024-03-01,md,2,0.03
2024-03-01,me,2,0.15
2024-03-01,mi,41,0.41
2024-03-01,mn,1,0.02
2024-03-01,mo,1,0.02
2024-03-01,ms,0,0.0
2024-03-01,mt,0,0.0
2024-03-01,nc,2,0.02
2024-03-01,nd,0,0.0
2024-03-01,ne,0,0.0
2024-03-01,nh,20,1.45
2024-03-01,nj,12,0.13
2024-03-01,nm,1,0.05
2024-03-01,nv,0,0.0
2024-03-01,ny,61,0.31
2024-03-01,oh,267,2.27
2024-03-01,ok,59,1.49
2024-03-01,or,0,0.0
2024-03-01,pa,22,0.17
2024-03-01,ri,0,0.0
2024-03-01,sc,0,0.0
2024-03-01,sd,0,0.0
2024-03-01,tn,0,0.0
2024-03-01,tx,79,0.27
2024-03-01,ut,0,0.0
2024-03-01,va,3,0.03
2024-03-01,vt,0,0.0
2024-03-01,wa,3,0.04
2024-03-01,wi,0,0.0
2024-03-01,wv,0,0.0
2024-03-01,wy,0,0.0
2024-04-01,ak,0,0.0
2024-04-01,al,1,0.02
2024-04-01,ar,0,0.0
2024-04-01,az,0,0.0
2024-04-01,ca,84,0.21
2024-04-01,co,0,0.0
2024-04-01,ct,0,0.0
2024-04-01,dc,0,0.0
2024-04-01,de,0,0.0
2024-04-01,fl,56,0.26
2024-04-01,ga,27,0.25
2024-04-01,hi,0,0.0
2024-04-01,ia,0,0.0
2024-04-01,id,0,0.0
2024-04-01,il,359,2.81
2024-04-01,in,6,0.09
2024-04-01,ks,39,1.33
2024-04-01,ky,1,0.02
2024-04-01,la,0,0.0
2024-04-01,ma,77,1.1
2024-04-01,md,2,0.03
2024-04-01,me,2,0.15
2024-04-01,mi,61,0.61
2024-04-01,mn,1,0.02
2024-04-01,mo,1,0.02
2024-04-01,ms,0,0.0
2024-04-01,mt,0,0.0
2024-04-01,nc,2,0.02
2024-04-01,nd,0,0.0
2024-04-01,ne,0,0.0
2024-04-01,nh,20,1.45
2024-04-01,nj,12,0.13
2024-04-01,nm,1,0.05
2024-04-01,nv,0,0.0
2024-04-01,ny,61,0.31
2024-04-01,oh,267,2.27
2024-04-01,ok,76,1.91
2024-04-01,or,0,0.0
2024-04-01,pa,22,0.17
2024-04-01,ri,0,0.0
2024-04-01,sc,0,0.0
2024-04-01,sd,0,0.0
2024-04-01,tn,0,0.0
2024-04-01,tx,83,0.28
2024-04-01,ut,0,0.0
2024-04-01,va,3,0.03
2024-04-01,vt,0,0.0
2024-04-01,wa,3,0.04
2024-04-01,wi,0,0.0
2024-04-01,wv,0,0.0
2024-04-01,wy,0,0.0
2024-05-01,ak,0,0.0
2024-05-01,al,1,0.02
2024-05-01,ar,2,0.07
2024-05-01,az,0,0.0
2024-05-01,ca,84,0.21
2024-05-01,co,0,0.0
2024-05-01,ct,0,0.0
2024-05-01,dc,0,0.0
2024-05-01,de,0,0.0
2024-05-01,fl,56,0.26
2024-05-01,ga,27,0.25
2024-05-01,hi,0,0.0
2024-05-01,ia,0,0.0
2024-05-01,id,0,0.0
2024-05-01,il,369,2.89
2024-05-01,in,6,0.09
2024-05-01,ks,39,1.33
2024-05-01,ky,1,0.02
2024-05-01,la,0,0.0
2024-05-01,ma,77,1.1
2024-05-01,md,2,0.03
2024-05-01,me,2,0.15
2024-05-01,mi,62,0.62
2024-05-01,mn,1,0.02
2024-05-01,mo,1,0.02
2024-05-01,ms,0,0.0
2024-05-01,mt,0,0.0
2024-05-01,nc,2,0.02
2024-05-01,nd,0,0.0
2024-05-01,ne,0,0.0
2024-05-01,nh,20,1.45
2024-05-01,nj,12,0.13
2024-05-01,nm,2,0.09
2024-05-01,nv,0,0.0
2024-05-01,ny,61,0.31
2024-05-01,oh,269,2.28
2024-05-01,ok,97,2.44
2024-05-01,or,0,0.0
2024-05-01,pa,28,0.22
2024-05-01,ri,0,0.0
2024-05-01,sc,0,0.0
2024-05-01,sd,0,0.0
2024-05-01,tn,0,0.0
2024-05-01,tx,85,0.29
2024-05-01,ut,0,0.0
2024-05-01,va,3,0.03
2024-05-01,vt,0,0.0
2024-05-01,wa,3,0.04
2024-05-01,wi,0,0.0
2024-05-01,wv,0,0.0
2024-05-01,wy,0,0.0
2024-06-01,ak,0,0.0
2024-06-01,al,1,0.02
2024-06-01,ar,2,0.07
2024-06-01,az,0,0.0
2024-06-01,ca,110,0.28
2024-06-01,co,0,0.0
2024-06-01,ct,0,0.0
2024-06-01,dc,0,0.0
2024-06-01,de,0,0.0
2024-06-01,fl,56,0.26
2024-06-01,ga,28,0.26
2024-06-01,hi,0,0.0
2024-06-01,ia,0,0.0
2024-06-01,id,0,0.0
2024-06-01,il,366,2.87
2024-06-01,in,6,0.09
2024-06-01,ks,39,1.33
2024-06-01,ky,1,0.02
2024-06-01,la,0,0.0
2024-06-01,ma,77,1.1
2024-06-01,md,2,0.03
2024-06-01,me,2,0.15
2024-06-01,mi,67,0.67
2024-06-01,mn,1,0.02
2024-06-01,mo,1,0.02
2024-06-01,ms,0,0.0
2024-06-01,mt,0,0.0
2024-06-01,nc,2,0.02
2024-06-01,nd,0,0.0
2024-06-01,ne,0,0.0
2024-06-01,nh,20,1.45
2024-06-01,nj,12,0.13
2024-06-01,nm,2,0.09
2024-06-01,nv,0,0.0
2024-06-01,ny,61,0.31
2024-06-01,oh,277,2.35
2024-06-01,ok,107,2.69
2024-06-01,or,0,0.0
2024-06-01,pa,28,0.22
2024-06-01,ri,0,0.0
2024-06-01,sc,0,0.0
2024-06-01,sd,0,0.0
2024-06-01,tn,0,0.0
2024-06-01,tx,85,0.29
2024-06-01,ut,0,0.0
2024-06-01,va,18,0.21
2024-06-01,vt,0,0.0
2024-06-01,wa,3,0.04
2024-06-01,wi,0,0.0
2024-06-01,wv,0,0.0
2024-06-01,wy,0,0.0
2024-07-01,ak,0,0.0
2024-07-01,al,1,0.02
2024-07-01,ar,2,0.07
2024-07-01,az,0,0.0
2024-07-01,ca,127,0.32
2024-07-01,co,0,0.0
2024-07-01,ct,0,0.0
2024-07-01,dc,0,0.0
2024-07-01,de,0,0.0
2024-07-01,fl,56,0.26
2024-07-01,ga,28,0.26
2024-07-01,hi,0,0.0
2024-07-01,ia,0,0.0
2024-07-01,id,0,0.0
2024-07-01,il,368,2.88
2024-07-01,in,6,0.09
2024-07-01,ks,39,1.33
2024-07-01,ky,1,0.02
2024-07-01,la,0,0.0
2024-07-01,ma,77,1.1
2024-07-01,md,2,0.03
2024-07-01,me,2,0.15
2024-07-01,mi,77,0.77
2024-07-01,mn,1,0.02
2024-07-01,mo,1,0.02
2024-07-01,ms,0,0.0
2024-07-01,mt,0,0.0
2024-07-01,nc,2,0.02
2024-07-01,nd,0,0.0
2024-07-01,ne,0,0.0
2024-07-01,nh,20,1.45
2024-07-01,nj,12,0.13
2024-07-01,nm,2,0.09
2024-07-01,nv,0,0.0
2024-07-01,ny,61,0.31
2024-07-01,oh,291,2.47
2024-07-01,ok,109,2.75
2024-07-01,or,0,0.0
2024-07-01,pa,28,0.22
2024-07-01,ri,0,0.0
2024-07-01,sc,0,0.0
2024-07-01,sd,0,0.0
2024-07-01,tn,0,0.0
2024-07-01,tx,85,0.29
2024-07-01,ut,0,0.0
2024-07-01,va,19,0.22
2024-07-01,vt,0,0.0
2024-07-01,wa,3,0.04
2024-07-01,wi,0,0.0
2024-07-01,wv,0,0.0
2024-07-01,wy,0,0.0
2024-08-01,ak,0,0.0
2024-08-01,al,1,0.02
2024-08-01,ar,2,0.07
2024-08-01,az,0,0.0
2024-08-01,ca,153,0.39
2024-08-01,co,0,0.0
2024-08-01,ct,0,0.0
2024-08-01,dc,0,0.0
2024-08-01,de,0,0.0
2024-08-01,fl,56,0.26
2024-08-01,ga,28,0.26
2024-08-01,hi,0,0.0
2024-08-01,ia,0,0.0
2024-08-01,id,0,0.0
2024-08-01,il,372,2.92
2024-08-01,in,6,0.09
2024-08-01,ks,39,1.33
2024-08-01,ky,1,0.02
2024-08-01,la,0,0.0
2024-08-01,ma,77,1.1
2024-08-01,md,2,0.03
2024-08-01,me,2,0.15
2024-08-01,mi,80,0.8
2024-08-01,mn,1,0.02
2024-08-01,mo,1,0.02
2024-08-01,ms,0,0.0
2024-08-01,mt,0,0.0
2024-08-01,nc,2,0.02
2024-08-01,nd,0,0.0
2024-08-01,ne,0,0.0
2024-08-01,nh,20,1.45
2024-08-01,nj,12,0.13
2024-08-01,nm,2,0.09
2024-08-01,nv,0,0.0
2024-08-01,ny,61,0.31
2024-08-01,oh,291,2.47
2024-08-01,ok,114,2.87
2024-08-01,or,0,0.0
2024-08-01,pa,28,0.22
2024-08-01,ri,0,0.0
2024-08-01,sc,0,0.0
2024-08-01,sd,0,0.0
2024-08-01,tn,0,0.0
2024-08-01,tx,90,0.31
2024-08-01,ut,0,0.0
2024-08-01,va,19,0.22
2024-08-01,vt,0,0.0
2024-08-01,wa,3,0.04
2024-08-01,wi,0,0.0
2024-08-01,wv,0,0.0
2024-08-01,wy,0,0.0
2024-09-01,ak,0,0.0
2024-09-01,al,1,0.02
2024-09-01,ar,2,0.07
2024-09-01,az,0,0.0
2024-09-01,ca,195,0.5
2024-09-01,co,0,0.0
2024-09-01,ct,0,0.0
2024-09-01,dc,0,0.0
2024-09-01,de,0,0.0
2024-09-01,fl,56,0.26
2024-09-01,ga,28,0.26
2024-09-01,hi,0,0.0
2024-09-01,ia,0,0.0
2024-09-01,id,0,0.0
2024-09-01,il,372,2.92
2024-09-01,in,6,0.09
2024-09-01,ks,39,1.33
2024-09-01,ky,1,0.02
2024-09-01,la,0,0.0
2024-09-01,ma,77,1.1
2024-09-01,md,2,0.03
2024-09-01,me,2,0.15
2024-09-01,mi,80,0.8
2024-09-01,mn,1,0.02
2024-09-01,mo,1,0.02
2024-09-01,ms,0,0.0
2024-09-01,mt,0,0.0
2024-09-01,nc,4,0.04
2024-09-01,nd,0,0.0
2024-09-01,ne,0,0.0
2024-09-01,nh,20,1.45
2024-09-01,nj,12,0.13
2024-09-01,nm,2,0.09
2024-09-01,nv,0,0.0
2024-09-01,ny,61,0.31
2024-09-01,oh,291,2.47
2024-09-01,ok,114,2.87
2024-09-01,or,0,0.0
2024-09-01,pa,28,0.22
2024-09-01,ri,0,0.0
2024-09-01,sc,0,0.0
2024-09-01,sd,0,0.0
2024-09-01,tn,0,0.0
2024-09-01,tx,90,0.31
2024-09-01,ut,0,0.0
2024-09-01,va,21,0.24
2024-09-01,vt,0,0.0
2024-09-01,wa,3,0.04
2024-09-01,wi,0,0.0
2024-09-01,wv,0,0.0
2024-09-01,wy,0,0.0
2024-10-01,ak,0,0.0
2024-10-01,al,8,0.16
2024-10-01,ar,2,0.07
2024-10-01,az,0,0.0
2024-10-01,ca,200,0.51
2024-10-01,co,0,0.0
2024-10-01,ct,0,0.0
2024-10-01,dc,0,0.0
2024-10-01,de,0,0.0
2024-10-01,fl,56,0.26
2024-10-01,ga,29,0.27
2024-10-01,hi,0,0.0
2024-10-01,ia,0,0.0
2024-10-01,id,0,0.0
2024-10-01,il,407,3.19
2024-10-01,in,6,0.09
2024-10-01,ks,39,1.33
2024-10-01,ky,1,0.02
2024-10-01,la,0,0.0
2024-10-01,ma,77,1.1
2024-10-01,md,2,0.03
2024-10-01,me,2,0.15
2024-10-01,mi,81,0.81
2024-10-01,mn,1,0.02
2024-10-01,mo,1,0.02
2024-10-01,ms,0,0.0
2024-10-01,mt,0,0.0
2024-10-01,nc,4,0.04
2024-10-01,nd,0,0.0
2024-10-01,ne,0,0.0
2024-10-01,nh,20,1.45
2024-10-01,nj,13,0.14
2024-10-01,nm,3,0.14
2024-10-01,nv,0,0.0
2024-10-01,ny,61,0.31
2024-10-01,oh,294,2.5
2024-10-01,ok,115,2.9
2024-10-01,or,2,0.05
2024-10-01,pa,28,0.22
2024-10-01,ri,0,0.0
2024-10-01,sc,0,0.0
2024-10-01,sd,0,0.0
2024-10-01,tn,4,0.06
2024-10-01,tx,101,0.35
2024-10-01,ut,0,0.0
2024-10-01,va,21,0.24
2024-10-01,vt,0,0.0
2024-10-01,wa,3,0.04
2024-10-01,wi,0,0.0
2024-10-01,wv,0,0.0
2024-10-01,wy,0,0.0
2024-11-01,ak,0,0.0
2024-11-01,al,83,1.65
2024-11-01,ar,2,0.07
2024-11-01,az,0,0.0
2024-11-01,ca,209,0.53
2024-11-01,co,15,0.26
2024-11-01,ct,0,0.0
2024-11-01,dc,0,0.0
2024-11-01,de,0,0.0
2024-11-01,fl,56,0.26
2024-11-01,ga,29,0.27
2024-11-01,hi,0,0.0
2024-11-01,ia,0,0.0
2024-11-01,id,0,0.0
2024-11-01,il,419,3.28
2024-11-01,in,6,0.09
2024-11-01,ks,39,1.33
2024-11-01,ky,1,0.02
2024-11-01,la,0,0.0
2024-11-01,ma,77,1.1
2024-11-01,md,2,0.03
2024-11-01,me,2,0.15
2024-11-01,mi,92,0.91
2024-11-01,mn,1,0.02
2024-11-01,mo,1,0.02
2024-11-01,ms,0,0.0
2024-11-01,mt,0,0.0
2024-11-01,nc,4,0.04
2024-11-01,nd,0,0.0
2024-11-01,ne,0,0.0
2024-11-01,nh,20,1.45
2024-11-01,nj,13,0.14
2024-11-01,nm,3,0.14
2024-11-01,nv,0,0.0
2024-11-01,ny,61,0.31
2024-11-01,oh,297,2.52
2024-11-01,ok,115,2.9
2024-11-01,or,2,0.05
2024-11-01,pa,28,0.22
2024-11-01,ri,0,0.0
2024-11-01,sc,0,0.0
2024-11-01,sd,0,0.0
2024-11-01,tn,4,0.06
2024-11-01,tx,102,0.35
2024-11-01,ut,0,0.0
2024-11-01,va,38,0.44
2024-11-01,vt,0,0.0
2024-11-01,wa,3,0.04
2024-11-01,wi,0,0.0
2024-11-01,wv,0,0.0
2024-11-01,wy,0,0.0
2024-12-01,ak,0,0.0
2024-12-01,al,192,3.82
2024-12-01,ar,4,0.13
2024-12-01,az,0,0.0
2024-12-01,ca,1163,2.96
2024-12-01,co,184,3.19
2024-12-01,ct,15,0.42
2024-12-01,dc,0,0.0
2024-12-01,de,0,0.0
2024-12-01,fl,137,0.63
2024-12-01,ga,117,1.09
2024-12-01,hi,0,0.0
2024-12-01,ia,0,0.0
2024-12-01,id,0,0.0
2024-12-01,il,602,4.72
2024-12-01,in,41,0.6
2024-12-01,ks,78,2.66
2024-12-01,ky,199,4.42
2024-12-01,la,5,0.11
2024-12-01,ma,77,1.1
2024-12-01,md,2,0.03
2024-12-01,me,2,0.15
2024-12-01,mi,178,1.77
2024-12-01,mn,24,0.42
2024-12-01,mo,46,0.75
2024-12-01,ms,7,0.24
2024-12-01,mt,0,0.0
2024-12-01,nc,13,0.12
2024-12-01,nd,0,0.0
2024-12-01,ne,2,0.1
2024-12-01,nh,20,1.45
2024-12-01,nj,20,0.22
2024-12-01,nm,4,0.19
2024-12-01,nv,4,0.13
2024-12-01,ny,82,0.41
2024-12-01,oh,449,3.81
2024-12-01,ok,199,5.01
2024-12-01,or,38,0.9
2024-12-01,pa,31,0.24
2024-12-01,ri,2,0.18
2024-12-01,sc,1,0.02
2024-12-01,sd,0,0.0
2024-12-01,tn,65,0.94
2024-12-01,tx,437,1.49
2024-12-01,ut,4,0.12
2024-12-01,va,334,3.87
2024-12-01,vt,0,0.0
2024-12-01,wa,24,0.31
2024-12-01,wi,84,1.43
2024-12-01,wv,3,0.17
2024-12-01,wy,5,0.87
2025-01-01,ak,0,0.0
2025-01-01,al,229,4.55
2025-01-01,ar,10,0.33
2025-01-01,az,49,0.68
2025-01-01,ca,1891,4.8
2025-01-01,co,211,3.66
2025-01-01,ct,26,0.72
2025-01-01,dc,0,0.0
2025-01-01,de,0,0.0
2025-01-01,fl,232,1.07
2025-01-01,ga,399,3.72
2025-01-01,hi,0,0.0
2025-01-01,ia,4,0.13
2025-01-01,id,0,0.0
2025-01-01,il,721,5.65
2025-01-01,in,105,1.55
2025-01-01,ks,260,8.86
2025-01-01,ky,221,4.91
2025-01-01,la,60,1.29
2025-01-01,ma,79,1.13
2025-01-01,md,3,0.05
2025-01-01,me,2,0.15
2025-01-01,mi,293,2.91
2025-01-01,mn,24,0.42
2025-01-01,mo,128,2.08
2025-01-01,ms,7,0.24
2025-01-01,mt,0,0.0
2025-01-01,nc,52,0.5
2025-01-01,nd,0,0.0
2025-01-01,ne,5,0.26
2025-01-01,nh,20,1.45
2025-01-01,nj,24,0.26
2025-01-01,nm,5,0.24
2025-01-01,nv,4,0.13
2025-01-01,ny,88,0.44
2025-01-01,oh,619,5.26
2025-01-01,ok,229,5.77
2025-01-01,or,39,0.92
2025-01-01,pa,35,0.27
2025-01-01,ri,2,0.18
2025-01-01,sc,10,0.19
2025-01-01,sd,4,0.45
2025-01-01,tn,99,1.43
2025-01-01,tx,545,1.86
2025-01-01,ut,11,0.33
2025-01-01,va,449,5.21
2025-01-01,vt,0,0.0
2025-01-01,wa,28,0.36
2025-01-01,wi,353,6.0
2025-01-01,wv,3,0.17
2025-01-01,wy,5,0.87
2025-02-01,ak,0,0.0
2025-02-01,al,261,5.19
2025-02-01,ar,15,0.5
2025-02-01,az,61,0.85
2025-02-01,ca,2332,5.93
2025-02-01,co,228,3.95
2025-02-01,ct,44,1.22
2025-02-01,dc,0,0.0
2025-02-01,de,9,0.91
2025-02-01,fl,402,1.86
2025-02-01,ga,538,5.02
2025-02-01,hi,0,0.0
2025-02-01,ia,18,0.56
2025-02-01,id,1,0.05
2025-02-01,il,917,7.19
2025-02-01,in,207,3.05
2025-02-01,ks,261,8.89
2025-02-01,ky,251,5.57
2025-02-01,la,155,3.34
2025-02-01,ma,103,1.47
2025-02-01,md,7,0.11
2025-02-01,me,2,0.15
2025-02-01,mi,682,6.78
2025-02-01,mn,38,0.67
2025-02-01,mo,136,2.21
2025-02-01,ms,15,0.51
2025-02-01,mt,0,0.0
2025-02-01,nc,85,0.81
2025-02-01,nd,0,0.0
2025-02-01,ne,5,0.26
2025-02-01,nh,20,1.45
2025-02-01,nj,27,0.29
2025-02-01,nm,6,0.28
2025-02-01,nv,4,0.13
2025-02-01,ny,96,0.48
2025-02-01,oh,661,5.61
2025-02-01,ok,276,6.95
2025-02-01,or,75,1.77
2025-02-01,pa,35,0.27
2025-02-01,ri,34,3.11
2025-02-01,sc,24,0.47
2025-02-01,sd,4,0.45
2025-02-01,tn,163,2.35
2025-02-01,tx,749,2.56
2025-02-01,ut,11,0.33
2025-02-01,va,531,6.16
2025-02-01,vt,0,0.0
2025-02-01,wa,53,0.69
2025-02-01,wi,430,7.31
2025-02-01,wv,3,0.17
2025-02-01,wy,5,0.87
2025-03-01,ak,0,0.0
2025-03-01,al,316,6.28
2025-03-01,ar,15,0.5
2025-03-01,az,86,1.2
2025-03-01,ca,2809,7.14
2025-03-01,co,242,4.19
2025-03-01,ct,44,1.22
2025-03-01,dc,0,0.0
2025-03-01,de,9,0.91
2025-03-01,fl,631,2.92
2025-03-01,ga,815,7.6
2025-03-01,hi,0,0.0
2025-03-01,ia,169,5.3
2025-03-01,id,1,0.05
2025-03-01,il,1018,7.98
2025-03-01,in,274,4.04
2025-03-01,ks,262,8.92
2025-03-01,ky,260,5.77
2025-03-01,la,175,3.77
2025-03-01,ma,109,1.56
2025-03-01,md,7,0.11
2025-03-01,me,2,0.15
2025-03-01,mi,694,6.9
2025-03-01,mn,43,0.76
2025-03-01,mo,138,2.24
2025-03-01,ms,15,0.51
2025-03-01,mt,0,0.0
2025-03-01,nc,110,1.05
2025-03-01,nd,0,0.0
2025-03-01,ne,7,0.36
2025-03-01,nh,20,1.45
2025-03-01,nj,28,0.3
2025-03-01,nm,6,0.28
2025-03-01,nv,4,0.13
2025-03-01,ny,102,0.51
2025-03-01,oh,722,6.13
2025-03-01,ok,281,7.08
2025-03-01,or,79,1.87
2025-03-01,pa,37,0.28
2025-03-01,ri,36,3.29
2025-03-01,sc,41,0.8
2025-03-01,sd,11,1.24
2025-03-01,tn,181,2.61
2025-03-01,tx,900,3.08
2025-03-01,ut,18,0.55
2025-03-01,va,555,6.44
2025-03-01,vt,0,0.0
2025-03-01,wa,61,0.79
2025-03-01,wi,477,8.11
2025-03-01,wv,3,0.17
2025-03-01,wy,5,0.87
2025-04-01,ak,0,0.0
2025-04-01,al,412,8.19
2025-04-01,ar,31,1.03
2025-04-01,az,111,1.55
2025-04-01,ca,3033,7.71
2025-04-01,co,369,6.39
2025-04-01,ct,44,1.22
2025-04-01,dc,1,0.15
2025-04-01,de,9,0.91
2025-04-01,fl,833,3.85
2025-04-01,ga,1013,9.45
2025-04-01,hi,0,0.0
2025-04-01,ia,191,5.99
2025-04-01,id,1,0.05
2025-04-01,il,1167,9.15
2025-04-01,in,345,5.09
2025-04-01,ks,278,9.47
2025-04-01,ky,304,6.75
2025-04-01,la,263,5.67
2025-04-01,ma,128,1.83
2025-04-01,md,14,0.23
2025-04-01,me,2,0.15
2025-04-01,mi,722,7.18
2025-04-01,mn,58,1.02
2025-04-01,mo,211,3.43
2025-04-01,ms,29,0.98
2025-04-01,mt,0,0.0
2025-04-01,nc,131,1.25
2025-04-01,nd,1,0.13
2025-04-01,ne,20,1.02
2025-04-01,nh,20,1.45
2025-04-01,nj,39,0.42
2025-04-01,nm,38,1.8
2025-04-01,nv,4,0.13
2025-04-01,ny,155,0.78
2025-04-01,oh,815,6.92
2025-04-01,ok,351,8.84
2025-04-01,or,90,2.13
2025-04-01,pa,40,0.31
2025-04-01,ri,46,4.2
2025-04-01,sc,50,0.97
2025-04-01,sd,17,1.91
2025-04-01,tn,214,3.09
2025-04-01,tx,1228,4.2
2025-04-01,ut,78,2.38
2025-04-01,va,646,7.49
2025-04-01,vt,0,0.0
2025-04-01,wa,150,1.95
2025-04-01,wi,507,8.62
2025-04-01,wv,3,0.17
2025-04-01,wy,26,4.5
2025-05-01,ak,0,0.0
2025-05-01,al,505,10.04
2025-05-01,ar,31,1.03
2025-05-01,az,183,2.55
2025-05-01,ca,3280,8.33
2025-05-01,co,457,7.92
2025-05-01,ct,47,1.3
2025-05-01,dc,2,0.3
2025-05-01,de,11,1.11
2025-05-01,fl,1072,4.96
2025-05-01,ga,1165,10.87
2025-05-01,hi,0,0.0
2025-05-01,ia,269,8.44
2025-05-01,id,4,0.22
2025-05-01,il,1320,10.35
2025-05-01,in,390,5.75
2025-05-01,ks,293,9.98
2025-05-01,ky,317,7.04
2025-05-01,la,270,5.82
2025-05-01,ma,137,1.96
2025-05-01,md,16,0.26
2025-05-01,me,2,0.15
2025-05-01,mi,1504,14.95
2025-05-01,mn,100,1.76
2025-05-01,mo,239,3.88
2025-05-01,ms,29,0.98
2025-05-01,mt,1,0.09
2025-05-01,nc,144,1.38
2025-05-01,nd,1,0.13
2025-05-01,ne,26,1.33
2025-05-01,nh,20,1.45
2025-05-01,nj,48,0.52
2025-05-01,nm,52,2.46
2025-05-01,nv,5,0.16
2025-05-01,ny,346,1.73
2025-05-01,oh,879,7.47
2025-05-01,ok,467,11.76
2025-05-01,or,111,2.62
2025-05-01,pa,40,0.31
2025-05-01,ri,46,4.2
2025-05-01,sc,51,0.99
2025-05-01,sd,17,1.91
2025-05-01,tn,244,3.52
2025-05-01,tx,1404,4.8
2025-05-01,ut,98,2.98
2025-05-01,va,816,9.46
2025-05-01,vt,0,0.0
2025-05-01,wa,273,3.55
2025-05-01,wi,748,12.72
2025-05-01,wv,5,0.28
2025-05-01,wy,26,4.5
2025-06-01,ak,0,0.0
2025-06-01,al,601,11.95
2025-06-01,ar,70,2.32
2025-06-01,az,202,2.82
2025-06-01,ca,3570,9.07
2025-06-01,co,493,8.54
2025-06-01,ct,54,1.5
2025-06-01,dc,4,0.6
2025-06-01,de,11,1.11
2025-06-01,fl,1168,5.4
2025-06-01,ga,1274,11.88
2025-06-01,hi,0,0.0
2025-06-01,ia,362,11.35
2025-06-01,id,4,0.22
2025-06-01,il,1466,11.49
2025-06-01,in,458,6.75
2025-06-01,ks,301,10.25
2025-06-01,ky,324,7.2
2025-06-01,la,351,7.56
2025-06-01,ma,177,2.53
2025-06-01,md,16,0.26
2025-06-01,me,2,0.15
2025-06-01,mi,2003,19.91
2025-06-01,mn,156,2.74
2025-06-01,mo,256,4.16
2025-06-01,ms,39,1.32
2025-06-01,mt,1,0.09
2025-06-01,nc,185,1.77
2025-06-01,nd,13,1.67
2025-06-01,ne,32,1.63
2025-06-01,nh,20,1.45
2025-06-01,nj,57,0.62
2025-06-01,nm,75,3.55
2025-06-01,nv,5,0.16
2025-06-01,ny,379,1.9
2025-06-01,oh,949,8.06
2025-06-01,ok,498,12.54
2025-06-01,or,120,2.84
2025-06-01,pa,48,0.37
2025-06-01,ri,47,4.3
2025-06-01,sc,91,1.77
2025-06-01,sd,18,2.02
2025-06-01,tn,284,4.1
2025-06-01,tx,1593,5.45
2025-06-01,ut,104,3.17
2025-06-01,va,934,10.83
2025-06-01,vt,0,0.0
2025-06-01,wa,322,4.19
2025-06-01,wi,876,14.89
2025-06-01,wv,5,0.28
2025-06-01,wy,26,4.5
2025-07-01,ak,0,0.0
2025-07-01,al,621,12.35
2025-07-01,ar,90,2.98
2025-07-01,az,246,3.43
2025-07-01,ca,3950,10.04
2025-07-01,co,550,9.53
2025-07-01,ct,59,1.63
2025-07-01,dc,4,0.6
2025-07-01,de,42,4.23
2025-07-01,fl,1214,5.61
2025-07-01,ga,1391,12.97
2025-07-01,hi,0,0.0
2025-07-01,ia,405,12.7
2025-07-01,id,10,0.54
2025-07-01,il,1592,12.48
2025-07-01,in,509,7.5
2025-07-01,ks,321,10.93
2025-07-01,ky,332,7.37
2025-07-01,la,381,8.21
2025-07-01,ma,240,3.44
2025-07-01,md,68,1.1
2025-07-01,me,6,0.44
2025-07-01,mi,2190,21.77
2025-07-01,mn,217,3.81
2025-07-01,mo,364,5.91
2025-07-01,ms,76,2.57
2025-07-01,mt,1,0.09
2025-07-01,nc,210,2.01
2025-07-01,nd,18,2.32
2025-07-01,ne,44,2.25
2025-07-01,nh,52,3.77
2025-07-01,nj,63,0.68
2025-07-01,nm,80,3.79
2025-07-01,nv,7,0.23
2025-07-01,ny,429,2.15
2025-07-01,oh,1085,9.21
2025-07-01,ok,525,13.22
2025-07-01,or,154,3.64
2025-07-01,pa,53,0.41
2025-07-01,ri,48,4.39
2025-07-01,sc,120,2.33
2025-07-01,sd,18,2.02
2025-07-01,tn,311,4.49
2025-07-01,tx,1925,6.58
2025-07-01,ut,133,4.05
2025-07-01,va,1112,12.89
2025-07-01,vt,0,0.0
2025-07-01,wa,446,5.8
2025-07-01,wi,946,16.08
2025-07-01,wv,6,0.33
2025-07-01,wy,26,4.5
2025-08-01,ak,0,0.0
2025-08-01,al,634,12.61
2025-08-01,ar,99,3.28
2025-08-01,az,314,4.38
2025-08-01,ca,4308,10.95
2025-08-01,co,626,10.85
2025-08-01,ct,63,1.74
2025-08-01,dc,5,0.75
2025-08-01,de,70,7.04
2025-08-01,fl,1290,5.96
2025-08-01,ga,1560,14.55
2025-08-01,hi,0,0.0
2025-08-01,ia,431,13.52
2025-08-01,id,11,0.59
2025-08-01,il,1730,13.56
2025-08-01,in,571,8.42
2025-08-01,ks,326,11.1
2025-08-01,ky,361,8.02
2025-08-01,la,386,8.32
2025-08-01,ma,250,3.58
2025-08-01,md,189,3.07
2025-08-01,me,6,0.44
2025-08-01,mi,2354,23.4
2025-08-01,mn,235,4.13
2025-08-01,mo,483,7.85
2025-08-01,ms,104,3.51
2025-08-01,mt,1,0.09
2025-08-01,nc,238,2.27
2025-08-01,nd,20,2.57
2025-08-01,ne,44,2.25
2025-08-01,nh,52,3.77
2025-08-01,nj,72,0.78
2025-08-01,nm,85,4.02
2025-08-01,nv,7,0.23
2025-08-01,ny,437,2.19
2025-08-01,oh,1359,11.54
2025-08-01,ok,523,13.17
2025-08-01,or,157,3.71
2025-08-01,pa,57,0.44
2025-08-01,ri,49,4.48
2025-08-01,sc,141,2.74
2025-08-01,sd,19,2.13
2025-08-01,tn,327,4.72
2025-08-01,tx,2031,6.95
2025-08-01,ut,150,4.57
2025-08-01,va,1232,14.28
2025-08-01,vt,0,0.0
2025-08-01,wa,596,7.75
2025-08-01,wi,976,16.59
2025-08-01,wv,6,0.33
2025-08-01,wy,26,4.5
2025-09-01,ak,0,0.0
2025-09-01,al,896,17.82
2025-09-01,ar,116,3.84
2025-09-01,az,586,8.17
2025-09-01,ca,4917,12.49
2025-09-01,co,830,14.38
2025-09-01,ct,81,2.24
2025-09-01,dc,6,0.89
2025-09-01,de,71,7.15
2025-09-01,fl,1394,6.44
2025-09-01,ga,1708,15.93
2025-09-01,hi,0,0.0
2025-09-01,ia,439,13.77
2025-09-01,id,54,2.91
2025-09-01,il,2076,16.27
2025-09-01,in,659,9.71
2025-09-01,ks,383,13.05
2025-09-01,ky,413,9.17
2025-09-01,la,413,8.9
2025-09-01,ma,260,3.72
2025-09-01,md,224,3.64
2025-09-01,me,7,0.51
2025-09-01,mi,2447,24.33
2025-09-01,mn,247,4.34
2025-09-01,mo,541,8.79
2025-09-01,ms,105,3.55
2025-09-01,mt,14,1.28
2025-09-01,nc,318,3.04
2025-09-01,nd,24,3.09
2025-09-01,ne,81,4.13
2025-09-01,nh,52,3.77
2025-09-01,nj,87,0.94
2025-09-01,nm,104,4.92
2025-09-01,nv,56,1.8
2025-09-01,ny,514,2.57
2025-09-01,oh,1523,12.93
2025-09-01,ok,552,13.9
2025-09-01,or,215,5.08
2025-09-01,pa,106,0.82
2025-09-01,ri,65,5.94
2025-09-01,sc,199,3.87
2025-09-01,sd,19,2.13
2025-09-01,tn,365,5.27
2025-09-01,tx,2447,8.37
2025-09-01,ut,167,5.09
2025-09-01,va,1288,14.93
2025-09-01,vt,0,0.0
2025-09-01,wa,747,9.72
2025-09-01,wi,1047,17.8
2025-09-01,wv,7,0.39
2025-09-01,wy,26,4.5
2025-10-01,ak,0,0.0
2025-10-01,al,1059,21.06
2025-10-01,ar,123,4.07
2025-10-01,az,755,10.53
2025-10-01,ca,5906,15.01
2025-10-01,co,965,16.72
2025-10-01,ct,254,7.03
2025-10-01,dc,29,4.32
2025-10-01,de,97,9.76
2025-10-01,fl,1580,7.3
2025-10-01,ga,1879,17.52
2025-10-01,hi,0,0.0
2025-10-01,ia,452,14.17
2025-10-01,id,58,3.13
2025-10-01,il,2376,18.62
2025-10-01,in,800,11.79
2025-10-01,ks,462,15.74
2025-10-01,ky,467,10.37
2025-10-01,la,427,9.2
2025-10-01,ma,283,4.05
2025-10-01,md,248,4.02
2025-10-01,me,7,0.51
2025-10-01,mi,2514,25.0
2025-10-01,mn,290,5.09
2025-10-01,mo,624,10.14
2025-10-01,ms,116,3.92
2025-10-01,mt,16,1.47
2025-10-01,nc,439,4.19
2025-10-01,nd,24,3.09
2025-10-01,ne,89,4.54
2025-10-01,nh,52,3.77
2025-10-01,nj,126,1.36
2025-10-01,nm,203,9.61
2025-10-01,nv,245,7.89
2025-10-01,ny,616,3.08
2025-10-01,oh,1828,15.52
2025-10-01,ok,585,14.73
2025-10-01,or,221,5.23
2025-10-01,pa,121,0.93
2025-10-01,ri,68,6.21
2025-10-01,sc,260,5.06
2025-10-01,sd,27,3.03
2025-10-01,tn,460,6.64
2025-10-01,tx,3648,12.47
2025-10-01,ut,224,6.82
2025-10-01,va,1400,16.23
2025-10-01,vt,0,0.0
2025-10-01,wa,796,10.35
2025-10-01,wi,1130,19.21
2025-10-01,wv,7,0.39
2025-10-01,wy,27,4.67
2025-11-01,ak,0,0.0
2025-11-01,al,1100,21.88
2025-11-01,ar,167,5.53
2025-11-01,az,908,12.66
2025-11-01,ca,7653,19.45
2025-11-01,co,1141,19.77
2025-11-01,ct,339,9.39
2025-11-01,dc,43,6.41
2025-11-01,de,98,9.86
2025-11-01,fl,1856,8.58
2025-11-01,ga,2190,20.42
2025-11-01,hi,16,1.1
2025-11-01,ia,464,14.55
2025-11-01,id,88,4.75
2025-11-01,il,2675,20.97
2025-11-01,in,923,13.6
2025-11-01,ks,532,18.12
2025-11-01,ky,536,11.9
2025-11-01,la,475,10.24
2025-11-01,ma,348,4.98
2025-11-01,md,270,4.38
2025-11-01,me,15,1.1
2025-11-01,mi,2576,25.61
2025-11-01,mn,315,5.53
2025-11-01,mo,816,13.26
2025-11-01,ms,130,4.39
2025-11-01,mt,16,1.47
2025-11-01,nc,561,5.36
2025-11-01,nd,34,4.38
2025-11-01,ne,90,4.59
2025-11-01,nh,53,3.84
2025-11-01,nj,238,2.57
2025-11-01,nm,255,12.07
2025-11-01,nv,323,10.4
2025-11-01,ny,697,3.49
2025-11-01,oh,2107,17.89
2025-11-01,ok,619,15.59
2025-11-01,or,240,5.67
2025-11-01,pa,174,1.34
2025-11-01,ri,70,6.4
2025-11-01,sc,322,6.26
2025-11-01,sd,32,3.59
2025-11-01,tn,668,9.65
2025-11-01,tx,4554,15.57
2025-11-01,ut,255,7.77
2025-11-01,va,1476,17.11
2025-11-01,vt,2,0.31
2025-11-01,wa,905,11.77
2025-11-01,wi,1224,20.81
2025-11-01,wv,11,0.61
2025-11-01,wy,45,7.79
2025-12-01,ak,0,0.0
2025-12-01,al,1208,24.03
2025-12-01,ar,256,8.48
2025-12-01,az,1181,16.47
2025-12-01,ca,9292,23.61
2025-12-01,co,1380,23.91
2025-12-01,ct,495,13.71
2025-12-01,dc,47,7.01
2025-12-01,de,124,12.48
2025-12-01,fl,2862,13.23
2025-12-01,ga,3062,28.56
2025-12-01,hi,27,1.86
2025-12-01,ia,488,15.3
2025-12-01,id,123,6.63
2025-12-01,il,3308,25.93
2025-12-01,in,1483,21.86
2025-12-01,ks,810,27.59
2025-12-01,ky,672,14.92
2025-12-01,la,661,14.24
2025-12-01,ma,407,5.83
2025-12-01,md,347,5.63
2025-12-01,me,18,1.32
2025-12-01,mi,2688,26.73
2025-12-01,mn,490,8.6
2025-12-01,mo,1092,17.74
2025-12-01,ms,158,5.34
2025-12-01,mt,21,1.92
2025-12-01,nc,920,8.79
2025-12-01,nd,50,6.44
2025-12-01,ne,104,5.31
2025-12-01,nh,53,3.84
2025-12-01,nj,457,4.94
2025-12-01,nm,510,24.14
2025-12-01,nv,377,12.14
2025-12-01,ny,1258,6.29
2025-12-01,oh,2752,23.37
2025-12-01,ok,658,16.57
2025-12-01,or,305,7.21
2025-12-01,pa,315,2.43
2025-12-01,ri,97,8.86
2025-12-01,sc,502,9.76
2025-12-01,sd,41,4.6
2025-12-01,tn,1042,15.05
2025-12-01,tx,5897,20.17
2025-12-01,ut,372,11.33
2025-12-01,va,1681,19.49
2025-12-01,vt,5,0.78
2025-12-01,wa,1141,14.84
2025-12-01,wi,1359,23.1
2025-12-01,wv,42,2.34
2025-12-01,wy,50,8.65
2026-01-01,ak,0,0.0
2026-01-01,al,1386,27.57
2026-01-01,ar,326,10.8
2026-01-01,az,1416,19.74
2026-01-01,ca,10541,26.78
2026-01-01,co,1599,27.71
2026-01-01,ct,548,15.17
2026-01-01,dc,48,7.16
2026-01-01,de,142,14.29
2026-01-01,fl,3877,17.92
2026-01-01,ga,3996,37.27
2026-01-01,hi,52,3.58
2026-01-01,ia,530,16.62
2026-01-01,id,144,7.77
2026-01-01,il,3921,30.73
2026-01-01,in,1856,27.36
2026-01-01,ks,910,31.0
2026-01-01,ky,852,18.92
2026-01-01,la,821,17.69
2026-01-01,ma,514,7.36
2026-01-01,md,440,7.14
2026-01-01,me,24,1.76
2026-01-01,mi,2813,27.97
2026-01-01,mn,789,13.85
2026-01-01,mo,1297,21.07
2026-01-01,ms,207,7.0
2026-01-01,mt,23,2.11
2026-01-01,nc,1253,11.97
2026-01-01,nd,74,9.53
2026-01-01,ne,152,7.76
2026-01-01,nh,53,3.84
2026-01-01,nj,654,7.07
2026-01-01,nm,558,26.41
2026-01-01,nv,458,14.75
2026-01-01,ny,1849,9.25
2026-01-01,oh,3384,28.74
2026-01-01,ok,705,17.76
2026-01-01,or,331,7.83
2026-01-01,pa,579,4.46
2026-01-01,ri,140,12.79
2026-01-01,sc,677,13.16
2026-01-01,sd,59,6.63
2026-01-01,tn,1358,19.61
2026-01-01,tx,7005,23.95
2026-01-01,ut,455,13.86
2026-01-01,va,1887,21.88
2026-01-01,vt,5,0.78
2026-01-01,wa,1266,16.47
2026-01-01,wi,1449,24.63
2026-01-01,wv,49,2.73
2026-01-01,wy,50,8.65
2026-02-01,ak,0,0.0
2026-02-01,al,1521,30.25
2026-02-01,ar,367,12.16
2026-02-01,az,1662,23.17
2026-02-01,ca,11604,29.48
2026-02-01,co,1784,30.91
2026-02-01,ct,598,16.56
2026-02-01,dc,72,10.74
2026-02-01,de,157,15.8
2026-02-01,fl,4636,21.43
2026-02-01,ga,4613,43.02
2026-02-01,hi,44,3.03
2026-02-01,ia,559,17.53
2026-02-01,id,161,8.68
2026-02-01,il,4286,33.6
2026-02-01,in,2065,30.44
2026-02-01,ks,1144,38.97
2026-02-01,ky,958,21.28
2026-02-01,la,1111,23.94
2026-02-01,ma,609,8.72
2026-02-01,md,502,8.15
2026-02-01,me,33,2.41
2026-02-01,mi,2880,28.63
2026-02-01,mn,935,16.42
2026-02-01,mo,1703,27.67
2026-02-01,ms,257,8.69
2026-02-01,mt,24,2.2
2026-02-01,nc,1520,14.52
2026-02-01,nd,84,10.81
2026-02-01,ne,184,9.39
2026-02-01,nh,55,3.99
2026-02-01,nj,763,8.25
2026-02-01,nm,604,28.59
2026-02-01,nv,511,16.46
2026-02-01,ny,2157,10.79
2026-02-01,oh,3877,32.93
2026-02-01,ok,787,19.82
2026-02-01,or,356,8.42
2026-02-01,pa,721,5.55
2026-02-01,ri,170,15.54
2026-02-01,sc,884,17.19
2026-02-01,sd,71,7.97
2026-02-01,tn,1522,21.98
2026-02-01,tx,7975,27.27
2026-02-01,ut,587,17.88
2026-02-01,va,2070,24.0
2026-02-01,vt,9,1.4
2026-02-01,wa,1445,18.79
2026-02-01,wi,1531,26.03
2026-02-01,wv,63,3.51
2026-02-01,wy,50,8.65
2026-03-01,ak,0,0.0
2026-03-01,al,1621,32.24
2026-03-01,ar,411,13.62
2026-03-01,az,1749,24.39
2026-03-01,ca,12545,31.88
2026-03-01,co,1906,33.03
2026-03-01,ct,646,17.89
2026-03-01,dc,75,11.18
2026-03-01,de,180,18.12
2026-03-01,fl,5101,23.58
2026-03-01,ga,5136,47.9
2026-03-01,hi,52,3.58
2026-03-01,ia,605,18.97
2026-03-01,id,171,9.22
2026-03-01,il,4594,36.01
2026-03-01,in,2303,33.95
2026-03-01,ks,1350,45.98
2026-03-01,ky,1043,23.16
2026-03-01,la,1200,25.86
2026-03-01,ma,644,9.22
2026-03-01,md,520,8.44
2026-03-01,me,37,2.71
2026-03-01,mi,2927,29.1
2026-03-01,mn,979,17.19
2026-03-01,mo,1920,31.2
2026-03-01,ms,283,9.56
2026-03-01,mt,27,2.47
2026-03-01,nc,1686,16.1
2026-03-01,nd,90,11.58
2026-03-01,ne,221,11.28
2026-03-01,nh,55,3.99
2026-03-01,nj,846,9.15
2026-03-01,nm,630,29.82
2026-03-01,nv,549,17.68
2026-03-01,ny,2332,11.66
2026-03-01,oh,4176,35.47
2026-03-01,ok,875,22.04
2026-03-01,or,366,8.65
2026-03-01,pa,807,6.21
2026-03-01,ri,179,16.36
2026-03-01,sc,1003,19.5
2026-03-01,sd,80,8.99
2026-03-01,tn,1650,23.83
2026-03-01,tx,9077,31.04
2026-03-01,ut,648,19.73
2026-03-01,va,2246,26.04
2026-03-01,vt,11,1.71
2026-03-01,wa,1521,19.78
2026-03-01,wi,1621,27.56
2026-03-01,wv,71,3.96
2026-03-01,wy,54,9.34
2026-04-01,ak,0,0.0
2026-04-01,al,1749,34.78
2026-04-01,ar,473,15.67
2026-04-01,az,1852,25.82
2026-04-01,ca,13325,33.86
2026-04-01,co,1985,34.4
2026-04-01,ct,692,19.16
2026-04-01,dc,96,14.32
2026-04-01,de,275,27.68
2026-04-01,fl,5786,26.74
2026-04-01,ga,5593,52.16
2026-04-01,hi,52,3.58
2026-04-01,ia,670,21.01
2026-04-01,id,184,9.92
2026-04-01,il,4985,39.07
2026-04-01,in,2431,35.83
2026-04-01,ks,1535,52.28
2026-04-01,ky,1160,25.76
2026-04-01,la,1271,27.39
2026-04-01,ma,688,9.85
2026-04-01,md,655,10.63
2026-04-01,me,39,2.85
2026-04-01,mi,2982,29.65
2026-04-01,mn,1070,18.79
2026-04-01,mo,2075,33.72
2026-04-01,ms,361,12.2
2026-04-01,mt,27,2.47
2026-04-01,nc,1972,18.83
2026-04-01,nd,98,12.61
2026-04-01,ne,302,15.42
2026-04-01,nh,55,3.99
2026-04-01,nj,954,10.31
2026-04-01,nm,680,32.19
2026-04-01,nv,580,18.68
2026-04-01,ny,2573,12.87
2026-04-01,oh,4570,38.81
2026-04-01,ok,911,22.94
2026-04-01,or,388,9.17
2026-04-01,pa,1061,8.17
2026-04-01,ri,196,17.91
2026-04-01,sc,1093,21.25
2026-04-01,sd,88,9.88
2026-04-01,tn,1822,26.32
2026-04-01,tx,10033,34.31
2026-04-01,ut,699,21.29
2026-04-01,va,2340,27.13
2026-04-01,vt,12,1.86
2026-04-01,wa,1589,20.67
2026-04-01,wi,1677,28.51
2026-04-01,wv,85,4.74
2026-04-01,wy,56,9.69
2026-05-01,ak,0,0.0
2026-05-01,al,1858,36.95
2026-05-01,ar,577,19.11
2026-05-01,az,1968,27.44
2026-05-01,ca,14333,36.42
2026-05-01,co,2106,36.49
2026-05-01,ct,724,20.05
2026-05-01,dc,102,15.21
2026-05-01,de,294,29.59
2026-05-01,fl,6345,29.33
2026-05-01,ga,6059,56.51
2026-05-01,hi,55,3.79
2026-05-01,ia,702,22.01
2026-05-01,id,203,10.95
2026-05-01,il,5301,41.55
2026-05-01,in,2543,37.48
2026-05-01,ks,1610,54.84
2026-05-01,ky,1275,28.31
2026-05-01,la,1373,29.59
2026-05-01,ma,755,10.81
2026-05-01,md,684,11.1
2026-05-01,me,44,3.22
2026-05-01,mi,3074,30.56
2026-05-01,mn,1186,20.82
2026-05-01,mo,2256,36.66
2026-05-01,ms,451,15.24
2026-05-01,mt,36,3.3
2026-05-01,nc,2246,21.45
2026-05-01,nd,103,13.26
2026-05-01,ne,333,17.0
2026-05-01,nh,56,4.06
2026-05-01,nj,1083,11.71
2026-05-01,nm,719,34.04
2026-05-01,nv,606,19.52
2026-05-01,ny,2816,14.08
2026-05-01,oh,4896,41.58
2026-05-01,ok,957,24.1
2026-05-01,or,406,9.6
2026-05-01,pa,1284,9.89
2026-05-01,ri,217,19.83
2026-05-01,sc,1223,23.78
2026-05-01,sd,94,10.56
2026-05-01,tn,1972,28.48
2026-05-01,tx,11103,37.97
2026-05-01,ut,780,23.75
2026-05-01,va,2460,28.52
2026-05-01,vt,13,2.02
2026-05-01,wa,1669,21.71
2026-05-01,wi,1735,29.5
2026-05-01,wv,105,5.86
2026-05-01,wy,56,9.69
2026-06-01,ak,1,0.14
2026-06-01,al,1956,38.9
2026-06-01,ar,715,23.69
2026-06-01,az,2087,29.1
2026-06-01,ca,15640,39.74
2026-06-01,co,2207,38.24
2026-06-01,ct,771,21.35
2026-06-01,dc,107,15.96
2026-06-01,de,326,32.81
2026-06-01,fl,6830,31.57
2026-06-01,ga,6451,60.16
2026-06-01,hi,55,3.79
2026-06-01,ia,732,22.96
2026-06-01,id,230,12.4
2026-06-01,il,5572,43.68
2026-06-01,in,2753,40.58
2026-06-01,ks,1670,56.88
2026-06-01,ky,1415,31.42
2026-06-01,la,1432,30.86
2026-06-01,ma,836,11.97
2026-06-01,md,722,11.72
2026-06-01,me,50,3.66
2026-06-01,mi,3190,31.72
2026-06-01,mn,1259,22.11
2026-06-01,mo,2451,39.83
2026-06-01,ms,554,18.72
2026-06-01,mt,43,3.94
2026-06-01,nc,2464,23.53
2026-06-01,nd,116,14.93
2026-06-01,ne,359,18.33
2026-06-01,nh,57,4.13
2026-06-01,nj,1262,13.64
2026-06-01,nm,766,36.26
2026-06-01,nv,636,20.48
2026-06-01,ny,3244,16.22
2026-06-01,oh,5253,44.61
2026-06-01,ok,1071,26.97
2026-06-01,or,405,9.58
2026-06-01,pa,1529,11.77
2026-06-01,ri,232,21.2
2026-06-01,sc,1327,25.8
2026-06-01,sd,108,12.13
2026-06-01,tn,2190,31.63
2026-06-01,tx,12175,41.63
2026-06-01,ut,849,25.85
2026-06-01,va,2556,29.64
2026-06-01,vt,18,2.8
2026-06-01,wa,1713,22.28
2026-06-01,wi,1818,30.91
2026-06-01,wv,130,7.25
2026-06-01,wy,57,9.86
2026-07-01,ak,1,0.14
2026-07-01,al,2104,41.84
2026-07-01,ar,822,27.23
2026-07-01,az,2184,30.45
2026-07-01,ca,16836,42.78
2026-07-01,co,2308,39.99
2026-07-01,ct,829,22.96
2026-07-01,dc,118,17.6
2026-07-01,de,354,35.63
2026-07-01,fl,7459,34.48
2026-07-01,ga,7265,67.76
2026-07-01,hi,57,3.93
2026-07-01,ia,774,24.27
2026-07-01,id,292,15.75
2026-07-01,il,5921,46.41
2026-07-01,in,2983,43.97
2026-07-01,ks,1755,59.78
2026-07-01,ky,1535,34.09
2026-07-01,la,1559,33.6
2026-07-01,ma,944,13.52
2026-07-01,md,795,12.9
2026-07-01,me,52,3.8
2026-07-01,mi,3334,33.15
2026-07-01,mn,1290,22.65
2026-07-01,mo,2838,46.11
2026-07-01,ms,690,23.32
2026-07-01,mt,45,4.12
2026-07-01,nc,2844,27.16
2026-07-01,nd,126,16.22
2026-07-01,ne,401,20.47
2026-07-01,nh,65,4.71
2026-07-01,nj,1386,14.99
2026-07-01,nm,833,39.43
2026-07-01,nv,674,21.71
2026-07-01,ny,3648,18.25
2026-07-01,oh,5673,48.18
2026-07-01,ok,1206,30.37
2026-07-01,or,442,10.45
2026-07-01,pa,1849,14.23
2026-07-01,ri,260,23.76
2026-07-01,sc,1489,28.95
2026-07-01,sd,123,13.81
2026-07-01,tn,2610,37.7
2026-07-01,tx,13456,46.01
2026-07-01,ut,908,27.65
2026-07-01,va,2746,31.84
2026-07-01,vt,24,3.73
2026-07-01,wa,1774,23.07
2026-07-01,wi,1935,32.9
2026-07-01,wv,177,9.87
2026-07-01,wy,60,10.38
2026-07-24,ak,0,0.0
2026-07-24,al,2333,46.4
2026-07-24,ar,1031,34.15
2026-07-24,az,2380,33.18
2026-07-24,ca,18312,46.53
2026-07-24,co,2454,42.52
2026-07-24,ct,882,24.42
2026-07-24,dc,131,19.54
2026-07-24,de,367,36.94
2026-07-24,fl,8268,38.22
2026-07-24,ga,8229,76.75
2026-07-24,hi,59,4.07
2026-07-24,ia,868,27.22
2026-07-24,id,347,18.72
2026-07-24,il,6287,49.28
2026-07-24,in,3253,47.95
2026-07-24,ks,1853,63.11
2026-07-24,ky,1687,37.46
2026-07-24,la,1718,37.02
2026-07-24,ma,1069,15.31
2026-07-24,md,853,13.84
2026-07-24,me,58,4.24
2026-07-24,mi,3442,34.22
2026-07-24,mn,1370,24.05
2026-07-24,mo,3046,49.49
2026-07-24,ms,852,28.8
2026-07-24,mt,51,4.67
2026-07-24,nc,3245,30.99
2026-07-24,nd,128,16.48
2026-07-24,ne,456,23.28
2026-07-24,nh,67,4.86
2026-07-24,nj,1599,17.29
2026-07-24,nm,872,41.28
2026-07-24,nv,746,24.03
2026-07-24,ny,3931,19.66
2026-07-24,oh,6157,52.29
2026-07-24,ok,1292,32.54
2026-07-24,or,480,11.35
2026-07-24,pa,2176,16.75
2026-07-24,ri,276,25.22
2026-07-24,sc,1676,32.59
2026-07-24,sd,141,15.84
2026-07-24,tn,3012,43.5
2026-07-24,tx,14729,50.37
2026-07-24,ut,970,29.54
2026-07-24,va,2875,33.34
2026-07-24,vt,30,4.66
2026-07-24,wa,1911,24.86
2026-07-24,wi,2027,34.46
2026-07-24,wv,214,11.94
2026-07-24,wy,62,10.73
2026-08-01,ak,2,0.27
2026-08-01,al,2415,48.03
2026-08-01,ar,1034,34.25
2026-08-01,az,2442,34.05
2026-08-01,ca,18751,47.64
2026-08-01,co,2497,43.27
2026-08-01,ct,912,25.25
2026-08-01,dc,132,19.68
2026-08-01,de,372,37.44
2026-08-01,fl,8515,39.36
2026-08-01,ga,8419,78.52
2026-08-01,hi,61,4.21
2026-08-01,ia,886,27.78
2026-08-01,id,367,19.79
2026-08-01,il,6448,50.54
2026-08-01,in,3321,48.95
2026-08-01,ks,1886,64.24
2026-08-01,ky,1740,38.64
2026-08-01,la,1745,37.6
2026-08-01,ma,1087,15.56
2026-08-01,md,863,14.01
2026-08-01,me,63,4.61
2026-08-01,mi,3473,34.53
2026-08-01,mn,1418,24.9
2026-08-01,mo,3116,50.63
2026-08-01,ms,892,30.15
2026-08-01,mt,53,4.85
2026-08-01,nc,3313,31.64
2026-08-01,nd,137,17.63
2026-08-01,ne,483,24.66
2026-08-01,nh,67,4.86
2026-08-01,nj,1659,17.94
2026-08-01,nm,905,42.84
2026-08-01,nv,778,25.06
2026-08-01,ny,4013,20.07
2026-08-01,oh,6269,53.24
2026-08-01,ok,1318,33.19
2026-08-01,or,466,11.02
2026-08-01,pa,2299,17.7
2026-08-01,ri,282,25.77
2026-08-01,sc,1758,34.18
2026-08-01,sd,147,16.51
2026-08-01,tn,3133,45.25
2026-08-01,tx,15171,51.88
2026-08-01,ut,1005,30.6
2026-08-01,va,3016,34.97
2026-08-01,vt,31,4.82
2026-08-01,wa,1952,25.39
2026-08-01,wi,2059,35.0
2026-08-01,wv,220,12.27
2026-08-01,wy,64,11.07
2026-09-01,ak,0,0.0
2026-09-01,al,2716,54.02
2026-09-01,ar,1045,34.62
2026-09-01,az,2604,36.31
2026-09-01,ca,20494,52.07
2026-09-01,co,2683,46.49
2026-09-01,ct,979,27.11
2026-09-01,dc,144,21.47
2026-09-01,de,444,44.68
2026-09-01,fl,9557,44.17
2026-09-01,ga,9671,90.19
2026-09-01,hi,78,5.38
2026-09-01,ia,870,27.28
2026-09-01,id,448,24.16
2026-09-01,il,7137,55.94
2026-09-01,in,3657,53.9
2026-09-01,ks,2074,70.64
2026-09-01,ky,1901,42.22
2026-09-01,la,2004,43.18
2026-09-01,ma,1195,17.11
2026-09-01,md,1004,16.29
2026-09-01,me,66,4.83
2026-09-01,mi,3669,36.48
2026-09-01,mn,1440,25.28
2026-09-01,mo,3450,56.06
2026-09-01,ms,1092,36.91
2026-09-01,mt,62,5.68
2026-09-01,nc,3635,34.72
2026-09-01,nd,180,23.17
2026-09-01,ne,552,28.18
2026-09-01,nh,64,4.64
2026-09-01,nj,2277,24.62
2026-09-01,nm,1012,47.91
2026-09-01,nv,921,29.66
2026-09-01,ny,4304,21.53
2026-09-01,oh,6743,57.27
2026-09-01,ok,1437,36.19
2026-09-01,or,558,13.19
2026-09-01,pa,3203,24.66
2026-09-01,ri,323,29.52
2026-09-01,sc,2015,39.18
2026-09-01,sd,184,20.67
2026-09-01,tn,3539,51.11
2026-09-01,tx,16620,56.83
2026-09-01,ut,1073,32.68
2026-09-01,va,3346,38.8
2026-09-01,vt,30,4.66
2026-09-01,wa,2273,29.56
2026-09-01,wi,2106,35.8
2026-09-01,wv,238,13.27
2026-09-01,wy,71,12.29
2026-09-22,ak,5,0.68
2026-09-22,al,2829,56.26
2026-09-22,ar,1068,35.38
2026-09-22,az,2696,37.59
2026-09-22,ca,20932,53.19
2026-09-22,co,2688,46.58
2026-09-22,ct,1013,28.05
2026-09-22,dc,151,22.52
2026-09-22,de,457,45.99
2026-09-22,fl,9797,45.28
2026-09-22,ga,9956,92.85
2026-09-22,hi,85,5.86
2026-09-22,ia,893,28.0
2026-09-22,id,463,24.97
2026-09-22,il,8483,66.49
2026-09-22,in,3696,54.48
2026-09-22,ks,2018,68.73
2026-09-22,ky,1915,42.53
2026-09-22,la,2088,44.99
2026-09-22,ma,1201,17.2
2026-09-22,md,1023,16.6
2026-09-22,me,65,4.76
2026-09-22,mi,3687,36.66
2026-09-22,mn,1516,26.62
2026-09-22,mo,3453,56.11
2026-09-22,ms,1149,38.83
2026-09-22,mt,87,7.97
2026-09-22,nc,3765,35.96
2026-09-22,nd,390,50.2
2026-09-22,ne,554,28.28
2026-09-22,nh,67,4.86
2026-09-22,nj,2410,26.06
2026-09-22,nm,1047,49.56
2026-09-22,nv,961,30.95
2026-09-22,ny,4452,22.27
2026-09-22,oh,6866,58.31
2026-09-22,ok,1493,37.6
2026-09-22,or,541,12.79
2026-09-22,pa,3737,28.77
2026-09-22,ri,325,29.7
2026-09-22,sc,2110,41.03
2026-09-22,sd,163,18.31
2026-09-22,tn,3619,52.27
2026-09-22,tx,17043,58.28
2026-09-22,ut,1063,32.37
2026-09-22,va,3454,40.05
2026-09-22,vt,30,4.66
2026-09-22,wa,2301,29.93
2026-09-22,wi,2134,36.28
2026-09-22,wv,246,13.72
2026-09-22,wy,72,12.46
