exposed_on,date,n,commuter_share,mean_cameras,pct_zero_after,pct_zero_after_lo,pct_zero_after_hi,median_extra_min,median_min_per_camera,median_min_per_camera_lo,median_min_per_camera_hi
2024-01-01,2024-01-01,780,2.2178,2.4582,94.9596,92.7977,96.8325,0.7738,0.4244,0.3826,0.4709
2024-01-01,2024-04-01,780,2.2178,2.5929,94.5094,92.2456,96.4614,0.8377,0.4111,0.3754,0.4559
2024-01-01,2024-07-01,780,2.2178,2.6344,94.4685,92.1935,96.4117,0.8377,0.4106,0.3795,0.454
2024-01-01,2024-10-01,780,2.2178,2.7315,94.4685,92.1935,96.4117,0.8551,0.4111,0.3761,0.4559
2024-01-01,2025-01-01,780,2.2178,3.3441,94.1984,91.936,96.1576,1.2283,0.4856,0.4267,0.5371
2024-01-01,2025-04-01,780,2.2178,3.8585,93.9283,91.6184,95.908,1.395,0.4871,0.4512,0.5381
2024-01-01,2025-07-01,780,2.2178,5.5153,93.2298,90.8096,95.3275,1.7965,0.4878,0.4559,0.5256
2024-01-01,2025-10-01,780,2.2178,7.2029,91.717,89.1956,94.0863,2.1808,0.4613,0.416,0.5054
2024-01-01,2026-01-01,780,2.2178,9.2291,85.2096,81.8381,88.4605,2.971,0.474,0.4346,0.5054
2024-01-01,2026-04-01,780,2.2178,10.6175,83.4199,80.1187,86.599,3.4708,0.4976,0.4575,0.5478
2024-01-01,2026-07-01,780,2.2178,12.3171,81.2762,78.0308,84.5289,4.3993,0.5202,0.4712,0.5741
2024-01-01,2026-09-22,780,2.2178,14.3682,78.7294,75.2414,82.1317,5.9038,0.5262,0.4769,0.5671
2024-04-01,2024-04-01,946,2.8922,2.6859,95.6745,93.896,97.1749,1.0435,0.5063,0.4452,0.5699
2024-04-01,2024-07-01,946,2.8922,2.723,95.6432,93.8649,97.1438,1.0534,0.492,0.4504,0.5669
2024-04-01,2024-10-01,946,2.8922,2.8115,95.2692,93.3138,96.9159,1.0687,0.5096,0.4512,0.5831
2024-04-01,2025-01-01,946,2.8922,3.3929,94.6644,92.5681,96.5437,1.3389,0.5703,0.5163,0.6541
2024-04-01,2025-04-01,946,2.8922,3.7269,94.4572,92.3468,96.3159,1.6113,0.5897,0.5163,0.6999
2024-04-01,2025-07-01,946,2.8922,5.301,93.4649,91.2352,95.5133,2.2528,0.5692,0.5227,0.6279
2024-04-01,2025-10-01,946,2.8922,6.8175,91.542,88.904,93.923,2.575,0.5402,0.4999,0.5897
2024-04-01,2026-01-01,946,2.8922,8.9641,86.1047,82.8276,88.9922,3.5362,0.5291,0.4964,0.5785
2024-04-01,2026-04-01,946,2.8922,10.5147,84.352,81.1411,87.3463,4.3665,0.5778,0.529,0.6271
2024-04-01,2026-07-01,946,2.8922,12.5885,81.8869,78.6808,85.0151,5.4798,0.6117,0.5456,0.6647
2024-04-01,2026-09-22,946,2.8922,16.5405,71.1553,67.6414,74.9162,7.4131,0.6151,0.5653,0.6578
2024-07-01,2024-07-01,1076,3.2655,2.5742,96.0303,94.398,97.3579,1.0044,0.4877,0.4443,0.5569
2024-07-01,2024-10-01,1076,3.2655,2.6719,95.6991,93.9294,97.1506,1.0133,0.5096,0.443,0.5772
2024-07-01,2025-01-01,1076,3.2655,3.3348,94.0766,91.9081,96.0904,1.375,0.5965,0.5444,0.6786
2024-07-01,2025-04-01,1076,3.2655,3.7763,93.8932,91.6897,95.9013,1.6484,0.6165,0.5381,0.7164
2024-07-01,2025-07-01,1076,3.2655,5.2466,92.9865,90.6824,95.0711,2.3139,0.584,0.5347,0.6441
2024-07-01,2025-10-01,1076,3.2655,6.6182,91.2835,88.725,93.5313,2.5959,0.5481,0.5096,0.6054
2024-07-01,2026-01-01,1076,3.2655,8.6285,85.3276,82.1056,88.3216,3.5473,0.5513,0.5116,0.5966
2024-07-01,2026-04-01,1076,3.2655,10.0872,83.7671,80.6349,86.8097,4.3453,0.5978,0.5476,0.6488
2024-07-01,2026-07-01,1076,3.2655,12.1971,81.2007,77.9443,84.3677,5.4271,0.6402,0.5832,0.6867
2024-07-01,2026-09-22,1076,3.2655,15.7756,69.5742,66.1817,73.4282,7.1944,0.6441,0.5854,0.6708
2024-10-01,2024-10-01,1136,3.4725,2.5877,95.9554,94.2656,97.3133,1.0181,0.5163,0.4708,0.5865
2024-10-01,2025-01-01,1136,3.4725,3.2905,94.0519,91.9183,96.0137,1.3786,0.5817,0.5487,0.6582
2024-10-01,2025-04-01,1136,3.4725,3.7821,93.8794,91.7359,95.8618,1.6577,0.6087,0.5444,0.6999
2024-10-01,2025-07-01,1136,3.4725,5.2251,93.3051,91.097,95.2884,2.371,0.5794,0.5371,0.6438
2024-10-01,2025-10-01,1136,3.4725,6.5338,90.3619,87.7355,92.7998,2.6762,0.5654,0.5186,0.6204
2024-10-01,2026-01-01,1136,3.4725,8.5145,84.6651,81.469,87.6881,3.5592,0.5681,0.5191,0.609
2024-10-01,2026-04-01,1136,3.4725,9.9209,83.3893,80.2352,86.4329,4.4602,0.6171,0.5604,0.6737
2024-10-01,2026-07-01,1136,3.4725,12.0412,80.7218,77.5014,83.9827,5.5401,0.664,0.606,0.7202
2024-10-01,2026-09-22,1136,3.4725,15.3977,69.2975,65.8615,73.1089,7.4017,0.6519,0.6095,0.7186
2025-01-01,2025-01-01,4875,12.2808,2.8453,92.4953,91.2187,93.6291,1.2002,0.6143,0.5797,0.6526
2025-01-01,2025-04-01,4875,12.2808,3.4842,91.3014,89.9803,92.4985,1.4631,0.6369,0.6006,0.6704
2025-01-01,2025-07-01,4875,12.2808,4.3333,89.794,88.4618,91.0341,1.845,0.6491,0.6122,0.68
2025-01-01,2025-10-01,4875,12.2808,5.3345,87.5159,86.0797,88.8869,2.2837,0.6317,0.6009,0.6682
2025-01-01,2026-01-01,4875,12.2808,7.0947,84.1291,82.5406,85.6133,3.2498,0.683,0.6516,0.7197
2025-01-01,2026-04-01,4875,12.2808,8.3727,80.1002,78.3933,81.6918,4.1722,0.7447,0.7147,0.7842
2025-01-01,2026-07-01,4875,12.2808,10.4105,77.1303,75.4594,78.7598,4.9827,0.7759,0.7414,0.8144
2025-01-01,2026-09-22,4875,12.2808,12.2978,69.7685,67.8797,71.6247,6.5556,0.8311,0.7878,0.8738
2025-04-01,2025-04-01,8566,20.3886,2.9121,92.6861,91.7778,93.5504,1.2424,0.6345,0.6057,0.6598
2025-04-01,2025-07-01,8566,20.3886,3.694,91.1882,90.2627,92.0876,1.5483,0.649,0.6208,0.6752
2025-04-01,2025-10-01,8566,20.3886,4.509,89.3746,88.3582,90.3527,1.9777,0.6528,0.626,0.6793
2025-04-01,2026-01-01,8566,20.3886,6.1955,85.1482,84.0244,86.2462,2.9193,0.7036,0.6787,0.7397
2025-04-01,2026-04-01,8566,20.3886,7.4268,81.1727,79.9038,82.355,3.7146,0.7555,0.7312,0.7895
2025-04-01,2026-07-01,8566,20.3886,9.1973,77.2153,76.007,78.5202,4.5349,0.7973,0.7627,0.8219
2025-04-01,2026-09-22,8566,20.3886,10.9296,70.9854,69.5315,72.3966,5.6647,0.8342,0.8049,0.8661
2025-07-01,2025-07-01,12647,29.4011,3.2018,92.3892,91.7059,93.0531,1.3619,0.652,0.6294,0.6752
2025-07-01,2025-10-01,12647,29.4011,3.915,90.7893,90.0402,91.5149,1.7086,0.661,0.6415,0.6857
2025-07-01,2026-01-01,12647,29.4011,5.6659,84.8118,83.8924,85.6795,2.6968,0.7078,0.6831,0.7376
2025-07-01,2026-04-01,12647,29.4011,6.8117,81.359,80.3748,82.2956,3.3389,0.7463,0.7271,0.7712
2025-07-01,2026-07-01,12647,29.4011,8.3647,78.203,77.2131,79.2279,4.0637,0.7809,0.7544,0.8036
2025-07-01,2026-09-22,12647,29.4011,9.9002,72.6156,71.4848,73.7136,5.002,0.8113,0.7873,0.8371
2025-10-01,2025-10-01,17086,38.3812,3.4558,91.6368,91.0236,92.2322,1.5097,0.6635,0.6462,0.6829
2025-10-01,2026-01-01,17086,38.3812,5.1266,86.0358,85.2715,86.7556,2.408,0.7078,0.6877,0.731
2025-10-01,2026-04-01,17086,38.3812,6.2049,82.5082,81.633,83.2878,3.0599,0.7432,0.7238,0.7624
2025-10-01,2026-07-01,17086,38.3812,7.652,79.6201,78.7295,80.4782,3.7141,0.7714,0.7484,0.7972
2025-10-01,2026-09-22,17086,38.3812,9.1281,74.4174,73.4444,75.3297,4.544,0.797,0.7733,0.8174
2026-01-01,2026-01-01,25001,55.8612,4.3727,86.8778,86.2805,87.452,1.9792,0.7034,0.6877,0.722
2026-01-01,2026-04-01,25001,55.8612,5.3764,83.5512,82.8804,84.187,2.6085,0.7331,0.7146,0.7502
2026-01-01,2026-07-01,25001,55.8612,6.6689,80.5905,79.9065,81.2843,3.1678,0.762,0.7431,0.7835
2026-01-01,2026-09-22,25001,55.8612,8.0429,75.6481,74.8768,76.3701,3.9495,0.7837,0.7649,0.8027
2026-04-01,2026-04-01,29095,63.3561,4.9632,84.6716,84.0589,85.2496,2.3167,0.7293,0.7112,0.7464
2026-04-01,2026-07-01,29095,63.3561,6.2097,81.6462,81.0164,82.2772,2.8856,0.7552,0.7375,0.775
2026-04-01,2026-09-22,29095,63.3561,7.5504,76.848,76.1305,77.5362,3.6345,0.7769,0.7608,0.7951
2026-07-01,2026-07-01,32517,69.5913,5.8579,82.563,81.9654,83.1457,2.6715,0.7542,0.7383,0.7713
2026-07-01,2026-09-22,32517,69.5913,7.1716,77.9436,77.2753,78.5628,3.3844,0.7718,0.7563,0.7902
