date,cameras_us,pct_ge1,mean_cameras,median_cameras,pct_ge5,cameras_per_km,pct_ge1_lo,pct_ge1_hi,mean_cameras_lo,mean_cameras_hi,avoidance_source,avoid_n,pct_zero_after,pct_zero_after_given_exposed,median_extra_min,mean_extra_min,median_extra_min_given_exposed,median_overhead_pct,median_min_per_camera,residual_pct_of_baseline,pct_zero_after_lo,pct_zero_after_hi,median_extra_min_lo,median_extra_min_hi,pct_zero_after_given_exposed_lo,pct_zero_after_given_exposed_hi,median_extra_min_given_exposed_lo,median_extra_min_given_exposed_hi,median_min_per_camera_lo,median_min_per_camera_hi
2024-01-01,1112,2.2178,0.0545,0.0,0.2987,0.001,2.0465,2.3897,0.049,0.0596,out/history/2024-01-01/results.csv,56131,99.8882,94.9596,0.0,0.0299,0.7738,0.0,0.4244,2.9084,99.8365,99.9323,0.0,0.0,92.7453,96.8901,0.6786,0.9414,0.3809,0.4709
2024-02-01,1157,2.7139,0.0719,0.0,0.3476,0.0013,2.5011,2.924,0.0648,0.0788,,,,,,,,,,,,,,,,,,,,
2024-03-01,1206,2.788,0.0747,0.0,0.4149,0.0014,2.574,3.0032,0.0675,0.0818,,,,,,,,,,,,,,,,,,,,
2024-04-01,1267,2.8922,0.0777,0.0,0.4197,0.0015,2.6751,3.1141,0.0704,0.0849,out/history/2024-04-01/results.csv,56131,99.8749,95.6745,0.0,0.0716,1.0435,0.0,0.5063,2.2126,99.8197,99.9199,0.0,0.0,93.7961,97.2336,0.8911,1.1846,0.449,0.5699
2024-05-01,1312,2.9551,0.0788,0.0,0.4264,0.0015,2.7329,3.1819,0.0716,0.086,,,,,,,,,,,,,,,,,,,,
2024-06-01,1374,3.154,0.082,0.0,0.4388,0.0015,2.9252,3.382,0.0747,0.0893,,,,,,,,,,,,,,,,,,,,
2024-07-01,1420,3.2655,0.0841,0.0,0.4454,0.0016,3.032,3.5091,0.0767,0.0915,out/history/2024-07-01/results.csv,56131,99.8704,96.0303,0.0,0.0766,1.0044,0.0,0.4877,2.0986,99.8151,99.9171,0.0,0.0,94.3556,97.4145,0.8491,1.1041,0.4443,0.5512
2024-08-01,1463,3.3169,0.0855,0.0,0.4473,0.0016,3.0761,3.5626,0.0779,0.093,,,,,,,,,,,,,,,,,,,,
2024-09-01,1509,3.3169,0.0855,0.0,0.4473,0.0016,3.0761,3.5626,0.078,0.093,,,,,,,,,,,,,,,,,,,,
2024-10-01,1581,3.4725,0.0899,0.0,0.4696,0.0017,3.2312,3.7171,0.0823,0.0976,out/history/2024-10-01/results.csv,56131,99.8596,95.9554,0.0,0.0808,1.0181,0.0,0.5163,2.0835,99.7982,99.9117,0.0,0.0,94.2702,97.4288,0.8636,1.1691,0.4656,0.5964
2024-11-01,1724,3.6527,0.0946,0.0,0.488,0.0018,3.4059,3.9033,0.0868,0.1025,,,,,,,,,,,,,,,,,,,,
2024-12-01,4894,8.4128,0.2529,0.0,1.2575,0.0047,8.0741,8.7798,0.2284,0.2785,,,,,,,,,,,,,,,,,,,,
2025-01-01,7583,12.2808,0.3494,0.0,1.7759,0.0065,11.8808,12.6893,0.3239,0.3765,out/history/2025-01-01/results.csv,56131,99.0784,92.4953,0.0,0.2782,1.2002,0.0,0.6143,3.4322,98.9266,99.2309,0.0,0.0,91.3068,93.6965,1.1266,1.2688,0.5794,0.6525
2025-02-01,9980,15.1835,0.4321,0.0,2.2756,0.0081,14.7452,15.6382,0.4042,0.461,,,,,,,,,,,,,,,,,,,,
2025-03-01,11818,17.2475,0.5055,0.0,2.8086,0.0095,16.7653,17.7309,0.4763,0.5358,,,,,,,,,,,,,,,,,,,,
2025-04-01,14238,20.3886,0.5937,0.0,3.317,0.0111,19.9037,20.9078,0.5635,0.6247,out/history/2025-04-01/results.csv,56131,98.5088,92.6861,0.0,0.4784,1.2424,0.0,0.6345,3.1142,98.3191,98.6907,0.0,0.0,91.7695,93.5554,1.1777,1.3084,0.6048,0.66
2025-05-01,17511,24.1891,0.7389,0.0,4.3494,0.0138,23.6632,24.7368,0.706,0.7713,,,,,,,,,,,,,,,,,,,,
2025-06-01,20044,26.3239,0.8292,0.0,4.9606,0.0155,25.779,26.8737,0.7959,0.8631,,,,,,,,,,,,,,,,,,,,
2025-07-01,22690,29.4011,0.9414,0.0,5.6998,0.0176,28.8395,29.9804,0.9072,0.9767,out/history/2025-07-01/results.csv,56131,97.7624,92.3892,0.0,0.7764,1.3619,0.0,0.652,2.9016,97.5756,97.9608,0.0,0.0,91.7623,93.0561,1.2985,1.4272,0.63,0.6752
2025-08-01,25011,31.326,1.0151,0.0,6.313,0.019,30.7688,31.9023,0.9792,1.0515,,,,,,,,,,,,,,,,,,,,
2025-09-01,28896,34.5964,1.1319,0.0,7.148,0.0212,34.0452,35.1752,1.0945,1.169,,,,,,,,,,,,,,,,,,,,
2025-10-01,34383,38.3812,1.3264,0.0,8.4532,0.0248,37.7898,38.9549,1.2852,1.3675,out/history/2025-10-01/results.csv,56131,96.7901,91.6368,0.0,1.1752,1.5097,0.0,0.6635,2.9591,96.5421,97.024,0.0,0.0,91.0163,92.219,1.4509,1.5722,0.6444,0.6837
2025-11-01,40645,42.5612,1.5164,0.0,10.0182,0.0284,41.9635,43.134,1.4724,1.5577,,,,,,,,,,,,,,,,,,,,
2025-12-01,52688,50.7299,1.9988,1.0,14.2089,0.0374,50.1184,51.2943,1.9485,2.0464,,,,,,,,,,,,,,,,,,,,
2026-01-01,63522,55.8612,2.4427,1.0,17.8357,0.0457,55.2753,56.4258,2.3898,2.4961,out/history/2026-01-01/results.csv,56131,92.6698,86.8778,0.0102,2.3568,1.9792,0.0369,0.7034,4.3268,92.344,92.9968,0.0,0.0849,86.315,87.4453,1.9184,2.0394,0.6875,0.7226
2026-02-01,72281,59.0508,2.7077,1.0,20.1011,0.0507,58.4762,59.5972,2.6514,2.7645,,,,,,,,,,,,,,,,,,,,
2026-03-01,78819,61.1299,2.9198,1.0,21.9492,0.0547,60.5571,61.6757,2.8604,2.9798,,,,,,,,,,,,,,,,,,,,
2026-04-01,85845,63.3561,3.1445,1.0,23.7077,0.0589,62.8134,63.8991,3.0817,3.2067,out/history/2026-04-01/results.csv,56131,90.2885,84.6716,0.5633,3.098,2.3167,2.1251,0.7293,4.7382,89.8923,90.6762,0.5236,0.6001,84.0616,85.2608,2.24,2.3828,0.7102,0.7458
2026-05-01,92846,65.2229,3.3908,2.0,25.5083,0.0635,64.6955,65.7579,3.326,3.4571,,,,,,,,,,,,,,,,,,,,
2026-06-01,100390,67.3504,3.7425,2.0,27.6345,0.0701,66.8015,67.8378,3.664,3.8217,,,,,,,,,,,,,,,,,,,,
2026-07-01,109853,69.5913,4.0766,2.0,29.8389,0.0763,69.0836,70.0748,3.9915,4.161,out/history/2026-07-01/results.csv,56131,87.8653,82.563,1.0289,4.2596,2.6715,4.2406,0.7542,4.9558,87.4425,88.286,0.98,1.0733,81.9704,83.1618,2.5951,2.753,0.7376,0.7694
2026-07-24,120272,71.7264,4.3951,2.0,31.8626,0.0823,71.2384,72.2029,4.3059,4.4855,,,,,,,,,,,,,,,,,,,,
2026-08-01,123455,72.2989,4.5233,2.0,32.7026,0.0847,71.8174,72.7507,4.4311,4.6163,,,,,,,,,,,,,,,,,,,,
2026-09-01,137188,74.6152,4.9721,3.0,35.6581,0.0931,74.1479,75.0841,4.8758,5.0673,,,,,,,,,,,,,,,,,,,,
2026-09-22,142257,75.2937,5.1405,3.0,36.5211,0.0962,74.8258,75.7403,5.0428,5.2384,out/results.csv,56131,84.209,79.0312,1.6175,5.6163,3.1378,6.7054,0.7646,5.1401,83.7384,84.6905,1.5655,1.6764,78.4113,79.6505,3.0491,3.222,0.75,0.7805
