date,state,pct_ge1,mean_cameras,cameras
2024-01-01,ak,0.0,0.0,0
2024-01-01,al,0.0,0.0,1
2024-01-01,ar,0.0,0.0,0
2024-01-01,az,0.0,0.0,0
2024-01-01,ca,1.37,0.015,67
2024-01-01,co,0.0,0.0,0
2024-01-01,ct,0.0,0.0,0
2024-01-01,dc,0.0,0.0,0
2024-01-01,de,0.0,0.0,0
2024-01-01,fl,0.85,0.019,54
2024-01-01,ga,3.04,0.051,27
2024-01-01,hi,0.0,0.0,0
2024-01-01,ia,0.0,0.0,0
2024-01-01,id,0.0,0.0,0
2024-01-01,il,23.48,0.835,317
2024-01-01,in,0.34,0.006,5
2024-01-01,ks,3.36,0.075,18
2024-01-01,ky,0.0,0.0,1
2024-01-01,la,0.0,0.0,0
2024-01-01,ma,4.29,0.06,77
2024-01-01,md,0.0,0.0,2
2024-01-01,me,0.0,0.0,2
2024-01-01,mi,7.12,0.093,38
2024-01-01,mn,0.0,0.0,1
2024-01-01,mo,0.0,0.0,1
2024-01-01,ms,0.0,0.0,0
2024-01-01,mt,0.0,0.0,0
2024-01-01,nc,1.51,0.015,2
2024-01-01,nd,0.0,0.0,0
2024-01-01,ne,0.0,0.0,0
2024-01-01,nh,0.0,0.0,20
2024-01-01,nj,0.0,0.0,12
2024-01-01,nm,0.0,0.0,1
2024-01-01,nv,0.0,0.0,0
2024-01-01,ny,2.43,0.028,61
2024-01-01,oh,6.68,0.164,267
2024-01-01,ok,9.96,0.151,47
2024-01-01,or,0.0,0.0,0
2024-01-01,pa,0.84,0.029,24
2024-01-01,ri,0.0,0.0,0
2024-01-01,sc,0.0,0.0,0
2024-01-01,sd,0.0,0.0,0
2024-01-01,tn,0.0,0.0,0
2024-01-01,tx,0.43,0.009,61
2024-01-01,ut,0.0,0.0,0
2024-01-01,va,0.0,0.0,3
2024-01-01,vt,0.0,0.0,0
2024-01-01,wa,0.0,0.0,3
2024-01-01,wi,0.0,0.0,0
2024-01-01,wv,0.0,0.0,0
2024-01-01,wy,0.0,0.0,0
2024-02-01,ak,0.0,0.0,0
2024-02-01,al,0.0,0.0,1
2024-02-01,ar,0.0,0.0,0
2024-02-01,az,0.0,0.0,0
2024-02-01,ca,1.37,0.015,69
2024-02-01,co,0.0,0.0,0
2024-02-01,ct,0.0,0.0,0
2024-02-01,dc,0.0,0.0,0
2024-02-01,de,0.0,0.0,0
2024-02-01,fl,0.85,0.02,56
2024-02-01,ga,3.04,0.051,27
2024-02-01,hi,0.0,0.0,0
2024-02-01,ia,0.0,0.0,0
2024-02-01,id,0.0,0.0,0
2024-02-01,il,25.48,0.891,338
2024-02-01,in,0.34,0.006,6
2024-02-01,ks,3.36,0.075,18
2024-02-01,ky,0.0,0.0,1
2024-02-01,la,0.0,0.0,0
2024-02-01,ma,4.29,0.06,77
2024-02-01,md,0.0,0.0,2
2024-02-01,me,0.0,0.0,2
2024-02-01,mi,7.12,0.093,38
2024-02-01,mn,0.0,0.0,1
2024-02-01,mo,0.0,0.0,1
2024-02-01,ms,0.0,0.0,0
2024-02-01,mt,0.0,0.0,0
2024-02-01,nc,1.51,0.015,2
2024-02-01,nd,0.0,0.0,0
2024-02-01,ne,0.0,0.0,0
2024-02-01,nh,0.0,0.0,20
2024-02-01,nj,0.0,0.0,12
2024-02-01,nm,0.0,0.0,1
2024-02-01,nv,0.0,0.0,0
2024-02-01,ny,2.43,0.028,61
2024-02-01,oh,6.68,0.164,267
2024-02-01,ok,10.38,0.161,52
2024-02-01,or,0.0,0.0,0
2024-02-01,pa,0.84,0.029,24
2024-02-01,ri,0.0,0.0,0
2024-02-01,sc,0.0,0.0,0
2024-02-01,sd,0.0,0.0,0
2024-02-01,tn,0.0,0.0,0
2024-02-01,tx,4.85,0.169,75
2024-02-01,ut,0.0,0.0,0
2024-02-01,va,0.0,0.0,3
2024-02-01,vt,0.0,0.0,0
2024-02-01,wa,0.0,0.0,3
2024-02-01,wi,0.0,0.0,0
2024-02-01,wv,0.0,0.0,0
2024-02-01,wy,0.0,0.0,0
2024-03-01,ak,0.0,0.0,0
2024-03-01,al,0.0,0.0,1
2024-03-01,ar,0.0,0.0,0
2024-03-01,az,0.0,0.0,0
2024-03-01,ca,1.45,0.015,83
2024-03-01,co,0.0,0.0,0
2024-03-01,ct,0.0,0.0,0
2024-03-01,dc,0.0,0.0,0
2024-03-01,de,0.0,0.0,0
2024-03-01,fl,0.85,0.02,56
2024-03-01,ga,3.04,0.051,27
2024-03-01,hi,0.0,0.0,0
2024-03-01,ia,0.0,0.0,0
2024-03-01,id,0.0,0.0,0
2024-03-01,il,26.4,0.926,359
2024-03-01,in,0.34,0.006,6
2024-03-01,ks,4.37,0.132,20
2024-03-01,ky,0.0,0.0,1
2024-03-01,la,0.0,0.0,0
2024-03-01,ma,4.29,0.06,77
2024-03-01,md,0.0,0.0,2
2024-03-01,me,0.0,0.0,2
2024-03-01,mi,7.46,0.099,41
2024-03-01,mn,0.0,0.0,1
2024-03-01,mo,0.0,0.0,1
2024-03-01,ms,0.0,0.0,0
2024-03-01,mt,0.0,0.0,0
2024-03-01,nc,1.51,0.015,2
2024-03-01,nd,0.0,0.0,0
2024-03-01,ne,0.0,0.0,0
2024-03-01,nh,0.0,0.0,20
2024-03-01,nj,0.0,0.0,12
2024-03-01,nm,0.0,0.0,1
2024-03-01,nv,0.0,0.0,0
2024-03-01,ny,2.43,0.028,61
2024-03-01,oh,6.68,0.164,267
2024-03-01,ok,10.46,0.165,59
2024-03-01,or,0.0,0.0,0
2024-03-01,pa,0.84,0.022,22
2024-03-01,ri,0.0,0.0,0
2024-03-01,sc,0.0,0.0,0
2024-03-01,sd,0.0,0.0,0
2024-03-01,tn,0.0,0.0,0
2024-03-01,tx,4.93,0.179,79
2024-03-01,ut,0.0,0.0,0
2024-03-01,va,0.0,0.0,3
2024-03-01,vt,0.0,0.0,0
2024-03-01,wa,0.0,0.0,3
2024-03-01,wi,0.0,0.0,0
2024-03-01,wv,0.0,0.0,0
2024-03-01,wy,0.0,0.0,0
2024-04-01,ak,0.0,0.0,0
2024-04-01,al,0.0,0.0,1
2024-04-01,ar,0.0,0.0,0
2024-04-01,az,0.0,0.0,0
2024-04-01,ca,1.71,0.018,84
2024-04-01,co,0.0,0.0,0
2024-04-01,ct,0.0,0.0,0
2024-04-01,dc,0.0,0.0,0
2024-04-01,de,0.0,0.0,0
2024-04-01,fl,0.85,0.02,56
2024-04-01,ga,3.04,0.051,27
2024-04-01,hi,0.0,0.0,0
2024-04-01,ia,0.0,0.0,0
2024-04-01,id,0.0,0.0,0
2024-04-01,il,26.4,0.926,359
2024-04-01,in,0.34,0.006,6
2024-04-01,ks,5.55,0.147,39
2024-04-01,ky,0.0,0.0,1
2024-04-01,la,0.0,0.0,0
2024-04-01,ma,4.29,0.06,77
2024-04-01,md,0.0,0.0,2
2024-04-01,me,0.0,0.0,2
2024-04-01,mi,8.97,0.174,61
2024-04-01,mn,0.0,0.0,1
2024-04-01,mo,0.0,0.0,1
2024-04-01,ms,0.0,0.0,0
2024-04-01,mt,0.0,0.0,0
2024-04-01,nc,1.51,0.015,2
2024-04-01,nd,0.0,0.0,0
2024-04-01,ne,0.0,0.0,0
2024-04-01,nh,0.0,0.0,20
2024-04-01,nj,0.0,0.0,12
2024-04-01,nm,0.0,0.0,1
2024-04-01,nv,0.0,0.0,0
2024-04-01,ny,2.43,0.028,61
2024-04-01,oh,6.68,0.164,267
2024-04-01,ok,12.24,0.203,76
2024-04-01,or,0.0,0.0,0
2024-04-01,pa,0.84,0.022,22
2024-04-01,ri,0.0,0.0,0
2024-04-01,sc,0.0,0.0,0
2024-04-01,sd,0.0,0.0,0
2024-04-01,tn,0.0,0.0,0
2024-04-01,tx,4.93,0.179,83
2024-04-01,ut,0.0,0.0,0
2024-04-01,va,0.0,0.0,3
2024-04-01,vt,0.0,0.0,0
2024-04-01,wa,0.0,0.0,3
2024-04-01,wi,0.0,0.0,0
2024-04-01,wv,0.0,0.0,0
2024-04-01,wy,0.0,0.0,0
2024-05-01,ak,0.0,0.0,0
2024-05-01,al,0.0,0.0,1
2024-05-01,ar,0.5,0.008,2
2024-05-01,az,0.0,0.0,0
2024-05-01,ca,1.71,0.018,84
2024-05-01,co,0.0,0.0,0
2024-05-01,ct,0.0,0.0,0
2024-05-01,dc,0.0,0.0,0
2024-05-01,de,0.0,0.0,0
2024-05-01,fl,0.85,0.02,56
2024-05-01,ga,3.04,0.051,27
2024-05-01,hi,0.0,0.0,0
2024-05-01,ia,0.0,0.0,0
2024-05-01,id,0.0,0.0,0
2024-05-01,il,27.07,0.94,369
2024-05-01,in,0.34,0.006,6
2024-05-01,ks,5.55,0.147,39
2024-05-01,ky,0.0,0.0,1
2024-05-01,la,0.0,0.0,0
2024-05-01,ma,4.29,0.06,77
2024-05-01,md,0.0,0.0,2
2024-05-01,me,0.0,0.0,2
2024-05-01,mi,8.97,0.174,62
2024-05-01,mn,0.0,0.0,1
2024-05-01,mo,0.0,0.0,1
2024-05-01,ms,0.0,0.0,0
2024-05-01,mt,0.0,0.0,0
2024-05-01,nc,1.51,0.015,2
2024-05-01,nd,0.0,0.0,0
2024-05-01,ne,0.0,0.0,0
2024-05-01,nh,0.0,0.0,20
2024-05-01,nj,0.0,0.0,12
2024-05-01,nm,0.0,0.0,2
2024-05-01,nv,0.0,0.0,0
2024-05-01,ny,2.43,0.028,61
2024-05-01,oh,6.93,0.167,269
2024-05-01,ok,12.74,0.209,97
2024-05-01,or,0.0,0.0,0
2024-05-01,pa,1.1,0.029,28
2024-05-01,ri,0.0,0.0,0
2024-05-01,sc,0.0,0.0,0
2024-05-01,sd,0.0,0.0,0
2024-05-01,tn,0.0,0.0,0
2024-05-01,tx,5.02,0.18,85
2024-05-01,ut,0.0,0.0,0
2024-05-01,va,0.0,0.0,3
2024-05-01,vt,0.0,0.0,0
2024-05-01,wa,0.0,0.0,3
2024-05-01,wi,0.0,0.0,0
2024-05-01,wv,0.0,0.0,0
2024-05-01,wy,0.0,0.0,0
2024-06-01,ak,0.0,0.0,0
2024-06-01,al,0.0,0.0,1
2024-06-01,ar,0.5,0.008,2
2024-06-01,az,0.0,0.0,0
2024-06-01,ca,2.22,0.026,110
2024-06-01,co,0.0,0.0,0
2024-06-01,ct,0.0,0.0,0
2024-06-01,dc,0.0,0.0,0
2024-06-01,de,0.0,0.0,0
2024-06-01,fl,0.85,0.02,56
2024-06-01,ga,3.21,0.052,28
2024-06-01,hi,0.0,0.0,0
2024-06-01,ia,0.0,0.0,0
2024-06-01,id,0.0,0.0,0
2024-06-01,il,26.98,0.932,366
2024-06-01,in,0.34,0.006,6
2024-06-01,ks,5.55,0.147,39
2024-06-01,ky,0.0,0.0,1
2024-06-01,la,0.0,0.0,0
2024-06-01,ma,4.29,0.06,77
2024-06-01,md,0.0,0.0,2
2024-06-01,me,0.0,0.0,2
2024-06-01,mi,9.81,0.184,67
2024-06-01,mn,0.0,0.0,1
2024-06-01,mo,0.0,0.0,1
2024-06-01,ms,0.0,0.0,0
2024-06-01,mt,0.0,0.0,0
2024-06-01,nc,1.51,0.015,2
2024-06-01,nd,0.0,0.0,0
2024-06-01,ne,0.0,0.0,0
2024-06-01,nh,0.0,0.0,20
2024-06-01,nj,0.0,0.0,12
2024-06-01,nm,0.0,0.0,2
2024-06-01,nv,0.0,0.0,0
2024-06-01,ny,2.43,0.028,61
2024-06-01,oh,7.6,0.184,277
2024-06-01,ok,16.2,0.268,107
2024-06-01,or,0.0,0.0,0
2024-06-01,pa,1.1,0.029,28
2024-06-01,ri,0.0,0.0,0
2024-06-01,sc,0.0,0.0,0
2024-06-01,sd,0.0,0.0,0
2024-06-01,tn,0.0,0.0,0
2024-06-01,tx,5.02,0.18,85
2024-06-01,ut,0.0,0.0,0
2024-06-01,va,1.87,0.034,18
2024-06-01,vt,0.0,0.0,0
2024-06-01,wa,0.0,0.0,3
2024-06-01,wi,0.0,0.0,0
2024-06-01,wv,0.0,0.0,0
2024-06-01,wy,0.0,0.0,0
2024-07-01,ak,0.0,0.0,0
2024-07-01,al,0.0,0.0,1
2024-07-01,ar,0.5,0.008,2
2024-07-01,az,0.0,0.0,0
2024-07-01,ca,2.99,0.037,127
2024-07-01,co,0.0,0.0,0
2024-07-01,ct,0.0,0.0,0
2024-07-01,dc,0.0,0.0,0
2024-07-01,de,0.0,0.0,0
2024-07-01,fl,0.85,0.02,56
2024-07-01,ga,3.21,0.052,28
2024-07-01,hi,0.0,0.0,0
2024-07-01,ia,0.0,0.0,0
2024-07-01,id,0.0,0.0,0
2024-07-01,il,26.98,0.936,368
2024-07-01,in,0.34,0.006,6
2024-07-01,ks,5.55,0.147,39
2024-07-01,ky,0.0,0.0,1
2024-07-01,la,0.0,0.0,0
2024-07-01,ma,4.29,0.06,77
2024-07-01,md,0.0,0.0,2
2024-07-01,me,0.0,0.0,2
2024-07-01,mi,10.06,0.189,77
2024-07-01,mn,0.0,0.0,1
2024-07-01,mo,0.0,0.0,1
2024-07-01,ms,0.0,0.0,0
2024-07-01,mt,0.0,0.0,0
2024-07-01,nc,1.51,0.015,2
2024-07-01,nd,0.0,0.0,0
2024-07-01,ne,0.0,0.0,0
2024-07-01,nh,0.0,0.0,20
2024-07-01,nj,0.0,0.0,12
2024-07-01,nm,0.0,0.0,2
2024-07-01,nv,0.0,0.0,0
2024-07-01,ny,2.43,0.028,61
2024-07-01,oh,7.76,0.193,291
2024-07-01,ok,16.29,0.269,109
2024-07-01,or,0.0,0.0,0
2024-07-01,pa,1.1,0.029,28
2024-07-01,ri,0.0,0.0,0
2024-07-01,sc,0.0,0.0,0
2024-07-01,sd,0.0,0.0,0
2024-07-01,tn,0.0,0.0,0
2024-07-01,tx,5.02,0.18,85
2024-07-01,ut,0.0,0.0,0
2024-07-01,va,1.87,0.039,19
2024-07-01,vt,0.0,0.0,0
2024-07-01,wa,0.0,0.0,3
2024-07-01,wi,0.0,0.0,0
2024-07-01,wv,0.0,0.0,0
2024-07-01,wy,0.0,0.0,0
2024-08-01,ak,0.0,0.0,0
2024-08-01,al,0.0,0.0,1
2024-08-01,ar,0.5,0.008,2
2024-08-01,az,0.0,0.0,0
2024-08-01,ca,3.25,0.043,153
2024-08-01,co,0.0,0.0,0
2024-08-01,ct,0.0,0.0,0
2024-08-01,dc,0.0,0.0,0
2024-08-01,de,0.0,0.0,0
2024-08-01,fl,0.85,0.02,56
2024-08-01,ga,3.21,0.052,28
2024-08-01,hi,0.0,0.0,0
2024-08-01,ia,0.0,0.0,0
2024-08-01,id,0.0,0.0,0
2024-08-01,il,26.73,0.933,372
2024-08-01,in,0.34,0.006,6
2024-08-01,ks,5.55,0.147,39
2024-08-01,ky,0.0,0.0,1
2024-08-01,la,0.0,0.0,0
2024-08-01,ma,4.29,0.06,77
2024-08-01,md,0.0,0.0,2
2024-08-01,me,0.0,0.0,2
2024-08-01,mi,10.56,0.2,80
2024-08-01,mn,0.0,0.0,1
2024-08-01,mo,0.0,0.0,1
2024-08-01,ms,0.0,0.0,0
2024-08-01,mt,0.0,0.0,0
2024-08-01,nc,1.51,0.015,2
2024-08-01,nd,0.0,0.0,0
2024-08-01,ne,0.0,0.0,0
2024-08-01,nh,0.0,0.0,20
2024-08-01,nj,0.0,0.0,12
2024-08-01,nm,0.0,0.0,2
2024-08-01,nv,0.0,0.0,0
2024-08-01,ny,2.43,0.028,61
2024-08-01,oh,7.76,0.193,291
2024-08-01,ok,17.64,0.306,114
2024-08-01,or,0.0,0.0,0
2024-08-01,pa,1.1,0.029,28
2024-08-01,ri,0.0,0.0,0
2024-08-01,sc,0.0,0.0,0
2024-08-01,sd,0.0,0.0,0
2024-08-01,tn,0.0,0.0,0
2024-08-01,tx,5.02,0.18,90
2024-08-01,ut,0.0,0.0,0
2024-08-01,va,1.87,0.039,19
2024-08-01,vt,0.0,0.0,0
2024-08-01,wa,0.0,0.0,3
2024-08-01,wi,0.0,0.0,0
2024-08-01,wv,0.0,0.0,0
2024-08-01,wy,0.0,0.0,0
2024-09-01,ak,0.0,0.0,0
2024-09-01,al,0.0,0.0,1
2024-09-01,ar,0.5,0.008,2
2024-09-01,az,0.0,0.0,0
2024-09-01,ca,3.25,0.043,195
2024-09-01,co,0.0,0.0,0
2024-09-01,ct,0.0,0.0,0
2024-09-01,dc,0.0,0.0,0
2024-09-01,de,0.0,0.0,0
2024-09-01,fl,0.85,0.02,56
2024-09-01,ga,3.21,0.052,28
2024-09-01,hi,0.0,0.0,0
2024-09-01,ia,0.0,0.0,0
2024-09-01,id,0.0,0.0,0
2024-09-01,il,26.73,0.933,372
2024-09-01,in,0.34,0.006,6
2024-09-01,ks,5.55,0.147,39
2024-09-01,ky,0.0,0.0,1
2024-09-01,la,0.0,0.0,0
2024-09-01,ma,4.29,0.06,77
2024-09-01,md,0.0,0.0,2
2024-09-01,me,0.0,0.0,2
2024-09-01,mi,10.56,0.2,80
2024-09-01,mn,0.0,0.0,1
2024-09-01,mo,0.0,0.0,1
2024-09-01,ms,0.0,0.0,0
2024-09-01,mt,0.0,0.0,0
2024-09-01,nc,1.51,0.015,4
2024-09-01,nd,0.0,0.0,0
2024-09-01,ne,0.0,0.0,0
2024-09-01,nh,0.0,0.0,20
2024-09-01,nj,0.0,0.0,12
2024-09-01,nm,0.0,0.0,2
2024-09-01,nv,0.0,0.0,0
2024-09-01,ny,2.43,0.028,61
2024-09-01,oh,7.76,0.193,291
2024-09-01,ok,17.64,0.306,114
2024-09-01,or,0.0,0.0,0
2024-09-01,pa,1.1,0.029,28
2024-09-01,ri,0.0,0.0,0
2024-09-01,sc,0.0,0.0,0
2024-09-01,sd,0.0,0.0,0
2024-09-01,tn,0.0,0.0,0
2024-09-01,tx,5.02,0.18,90
2024-09-01,ut,0.0,0.0,0
2024-09-01,va,1.87,0.042,21
2024-09-01,vt,0.0,0.0,0
2024-09-01,wa,0.0,0.0,3
2024-09-01,wi,0.0,0.0,0
2024-09-01,wv,0.0,0.0,0
2024-09-01,wy,0.0,0.0,0
2024-10-01,ak,0.0,0.0,0
2024-10-01,al,0.34,0.003,8
2024-10-01,ar,0.5,0.008,2
2024-10-01,az,0.0,0.0,0
2024-10-01,ca,3.84,0.053,200
2024-10-01,co,0.0,0.0,0
2024-10-01,ct,0.0,0.0,0
2024-10-01,dc,0.0,0.0,0
2024-10-01,de,0.0,0.0,0
2024-10-01,fl,0.85,0.02,56
2024-10-01,ga,3.29,0.053,29
2024-10-01,hi,0.0,0.0,0
2024-10-01,ia,0.0,0.0,0
2024-10-01,id,0.0,0.0,0
2024-10-01,il,27.65,0.987,407
2024-10-01,in,0.34,0.006,6
2024-10-01,ks,5.55,0.147,39
2024-10-01,ky,0.0,0.0,1
2024-10-01,la,0.0,0.0,0
2024-10-01,ma,4.29,0.06,77
2024-10-01,md,0.0,0.0,2
2024-10-01,me,0.0,0.0,2
2024-10-01,mi,10.81,0.211,81
2024-10-01,mn,0.0,0.0,1
2024-10-01,mo,0.0,0.0,1
2024-10-01,ms,0.0,0.0,0
2024-10-01,mt,0.0,0.0,0
2024-10-01,nc,1.51,0.015,4
2024-10-01,nd,0.0,0.0,0
2024-10-01,ne,0.0,0.0,0
2024-10-01,nh,0.0,0.0,20
2024-10-01,nj,0.0,0.0,13
2024-10-01,nm,0.0,0.0,3
2024-10-01,nv,0.0,0.0,0
2024-10-01,ny,2.43,0.028,61
2024-10-01,oh,7.85,0.199,294
2024-10-01,ok,18.14,0.314,115
2024-10-01,or,0.09,0.001,2
2024-10-01,pa,1.1,0.029,28
2024-10-01,ri,0.0,0.0,0
2024-10-01,sc,0.0,0.0,0
2024-10-01,sd,0.0,0.0,0
2024-10-01,tn,0.17,0.002,4
2024-10-01,tx,5.19,0.182,101
2024-10-01,ut,0.0,0.0,0
2024-10-01,va,1.87,0.042,21
2024-10-01,vt,0.0,0.0,0
2024-10-01,wa,0.0,0.0,3
2024-10-01,wi,0.0,0.0,0
2024-10-01,wv,0.0,0.0,0
2024-10-01,wy,0.0,0.0,0
2024-11-01,ak,0.0,0.0,0
2024-11-01,al,7.33,0.163,83
2024-11-01,ar,0.5,0.008,2
2024-11-01,az,0.0,0.0,0
2024-11-01,ca,3.84,0.061,209
2024-11-01,co,0.44,0.008,15
2024-11-01,ct,0.0,0.0,0
2024-11-01,dc,0.0,0.0,0
2024-11-01,de,0.0,0.0,0
2024-11-01,fl,0.85,0.02,56
2024-11-01,ga,3.29,0.053,29
2024-11-01,hi,0.0,0.0,0
2024-11-01,ia,0.0,0.0,0
2024-11-01,id,0.0,0.0,0
2024-11-01,il,28.24,1.001,419
2024-11-01,in,0.34,0.006,6
2024-11-01,ks,5.55,0.147,39
2024-11-01,ky,0.0,0.0,1
2024-11-01,la,0.0,0.0,0
2024-11-01,ma,4.29,0.06,77
2024-11-01,md,0.0,0.0,2
2024-11-01,me,0.0,0.0,2
2024-11-01,mi,11.9,0.235,92
2024-11-01,mn,0.0,0.0,1
2024-11-01,mo,0.0,0.0,1
2024-11-01,ms,0.0,0.0,0
2024-11-01,mt,0.0,0.0,0
2024-11-01,nc,1.51,0.015,4
2024-11-01,nd,0.0,0.0,0
2024-11-01,ne,0.0,0.0,0
2024-11-01,nh,0.0,0.0,20
2024-11-01,nj,0.0,0.0,13
2024-11-01,nm,0.0,0.0,3
2024-11-01,nv,0.0,0.0,0
2024-11-01,ny,2.43,0.028,61
2024-11-01,oh,7.85,0.199,297
2024-11-01,ok,18.14,0.314,115
2024-11-01,or,0.09,0.001,2
2024-11-01,pa,1.1,0.029,28
2024-11-01,ri,0.0,0.0,0
2024-11-01,sc,0.0,0.0,0
2024-11-01,sd,0.0,0.0,0
2024-11-01,tn,0.25,0.003,4
2024-11-01,tx,5.19,0.182,102
2024-11-01,ut,0.0,0.0,0
2024-11-01,va,2.73,0.051,38
2024-11-01,vt,0.0,0.0,0
2024-11-01,wa,0.0,0.0,3
2024-11-01,wi,0.0,0.0,0
2024-11-01,wv,0.0,0.0,0
2024-11-01,wy,0.0,0.0,0
2024-12-01,ak,0.0,0.0,0
2024-12-01,al,15.17,0.301,192
2024-12-01,ar,0.84,0.011,4
2024-12-01,az,0.0,0.0,0
2024-12-01,ca,12.3,0.692,1163
2024-12-01,co,22.98,0.513,184
2024-12-01,ct,3.76,0.047,15
2024-12-01,dc,0.0,0.0,0
2024-12-01,de,0.0,0.0,0
2024-12-01,fl,3.49,0.051,137
2024-12-01,ga,9.7,0.154,117
2024-12-01,hi,0.0,0.0,0
2024-12-01,ia,0.0,0.0,0
2024-12-01,id,0.0,0.0,0
2024-12-01,il,34.42,1.304,602
2024-12-01,in,6.72,0.139,41
2024-12-01,ks,9.16,0.229,78
2024-12-01,ky,25.13,0.547,199
2024-12-01,la,1.24,0.012,5
2024-12-01,ma,4.37,0.061,77
2024-12-01,md,0.08,0.001,2
2024-12-01,me,0.0,0.0,2
2024-12-01,mi,22.05,0.493,178
2024-12-01,mn,2.28,0.029,24
2024-12-01,mo,2.85,0.033,46
2024-12-01,ms,0.34,0.004,7
2024-12-01,mt,0.0,0.0,0
2024-12-01,nc,1.6,0.016,13
2024-12-01,nd,0.0,0.0,0
2024-12-01,ne,0.17,0.003,2
2024-12-01,nh,0.0,0.0,20
2024-12-01,nj,0.42,0.004,20
2024-12-01,nm,1.36,0.014,4
2024-12-01,nv,0.6,0.006,4
2024-12-01,ny,3.01,0.036,82
2024-12-01,oh,16.69,0.37,449
2024-12-01,ok,28.19,0.469,199
2024-12-01,or,1.04,0.01,38
2024-12-01,pa,1.1,0.029,31
2024-12-01,ri,4.0,0.04,2
2024-12-01,sc,0.0,0.0,1
2024-12-01,sd,0.0,0.0,0
2024-12-01,tn,2.09,0.037,65
2024-12-01,tx,11.9,0.296,437
2024-12-01,ut,0.18,0.002,4
2024-12-01,va,13.8,0.354,334
2024-12-01,vt,0.0,0.0,0
2024-12-01,wa,1.73,0.025,24
2024-12-01,wi,5.96,0.096,84
2024-12-01,wv,0.34,0.007,3
2024-12-01,wy,0.74,0.022,5
2025-01-01,ak,0.0,0.0,0
2025-01-01,al,17.05,0.346,229
2025-01-01,ar,1.35,0.016,10
2025-01-01,az,3.12,0.068,49
2025-01-01,ca,17.76,0.855,1891
2025-01-01,co,23.07,0.525,211
2025-01-01,ct,14.36,0.194,26
2025-01-01,dc,0.0,0.0,0
2025-01-01,de,0.0,0.0,0
2025-01-01,fl,5.37,0.083,232
2025-01-01,ga,28.61,0.714,399
2025-01-01,hi,0.0,0.0,0
2025-01-01,ia,0.34,0.003,4
2025-01-01,id,0.0,0.0,0
2025-01-01,il,40.6,1.464,721
2025-01-01,in,15.53,0.274,105
2025-01-01,ks,24.29,0.705,260
2025-01-01,ky,28.43,0.607,221
2025-01-01,la,7.2,0.118,60
2025-01-01,ma,4.37,0.061,79
2025-01-01,md,0.08,0.001,3
2025-01-01,me,0.0,0.0,2
2025-01-01,mi,26.07,0.644,293
2025-01-01,mn,2.28,0.029,24
2025-01-01,mo,8.81,0.133,128
2025-01-01,ms,0.34,0.004,7
2025-01-01,mt,0.0,0.0,0
2025-01-01,nc,4.21,0.056,52
2025-01-01,nd,0.0,0.0,0
2025-01-01,ne,0.17,0.003,5
2025-01-01,nh,0.0,0.0,20
2025-01-01,nj,0.76,0.008,24
2025-01-01,nm,1.36,0.014,5
2025-01-01,nv,0.6,0.006,4
2025-01-01,ny,3.6,0.047,88
2025-01-01,oh,21.95,0.498,619
2025-01-01,ok,30.72,0.515,229
2025-01-01,or,1.47,0.017,39
2025-01-01,pa,1.35,0.031,35
2025-01-01,ri,4.0,0.04,2
2025-01-01,sc,2.56,0.04,10
2025-01-01,sd,0.36,0.004,4
2025-01-01,tn,3.43,0.054,99
2025-01-01,tx,15.14,0.378,545
2025-01-01,ut,0.99,0.01,11
2025-01-01,va,20.02,0.522,449
2025-01-01,vt,0.0,0.0,0
2025-01-01,wa,1.98,0.028,28
2025-01-01,wi,29.89,0.649,353
2025-01-01,wv,0.34,0.007,3
2025-01-01,wy,0.74,0.022,5
2025-02-01,ak,0.0,0.0,0
2025-02-01,al,18.07,0.389,261
2025-02-01,ar,1.85,0.025,15
2025-02-01,az,3.55,0.072,61
2025-02-01,ca,21.61,0.992,2332
2025-02-01,co,24.93,0.574,228
2025-02-01,ct,16.53,0.239,44
2025-02-01,dc,0.0,0.0,0
2025-02-01,de,2.17,0.022,9
2025-02-01,fl,10.65,0.251,402
2025-02-01,ga,33.33,0.99,538
2025-02-01,hi,0.0,0.0,0
2025-02-01,ia,1.01,0.023,18
2025-02-01,id,1.38,0.014,1
2025-02-01,il,44.78,1.639,917
2025-02-01,in,24.35,0.498,207
2025-02-01,ks,24.12,0.682,261
2025-02-01,ky,30.8,0.715,251
2025-02-01,la,20.44,0.314,155
2025-02-01,ma,6.56,0.1,103
2025-02-01,md,0.08,0.001,7
2025-02-01,me,0.0,0.0,2
2025-02-01,mi,41.99,1.015,682
2025-02-01,mn,2.37,0.03,38
2025-02-01,mo,10.32,0.162,136
2025-02-01,ms,1.2,0.013,15
2025-02-01,mt,0.0,0.0,0
2025-02-01,nc,4.63,0.069,85
2025-02-01,nd,0.0,0.0,0
2025-02-01,ne,0.17,0.003,5
2025-02-01,nh,0.0,0.0,20
2025-02-01,nj,1.01,0.012,27
2025-02-01,nm,1.36,0.014,6
2025-02-01,nv,0.6,0.006,4
2025-02-01,ny,4.1,0.055,96
2025-02-01,oh,24.46,0.542,661
2025-02-01,ok,36.12,0.603,276
2025-02-01,or,2.95,0.04,75
2025-02-01,pa,1.35,0.031,35
2025-02-01,ri,29.58,0.444,34
2025-02-01,sc,5.03,0.099,24
2025-02-01,sd,0.36,0.004,4
2025-02-01,tn,7.85,0.124,163
2025-02-01,tx,17.09,0.417,749
2025-02-01,ut,0.99,0.01,11
2025-02-01,va,22.4,0.603,531
2025-02-01,vt,0.0,0.0,0
2025-02-01,wa,2.42,0.041,53
2025-02-01,wi,32.91,0.779,430
2025-02-01,wv,0.34,0.007,3
2025-02-01,wy,0.74,0.022,5
2025-03-01,ak,0.0,0.0,0
2025-03-01,al,20.8,0.49,316
2025-03-01,ar,1.85,0.025,15
2025-03-01,az,6.24,0.139,86
2025-03-01,ca,26.56,1.184,2809
2025-03-01,co,26.44,0.609,242
2025-03-01,ct,16.53,0.239,44
2025-03-01,dc,0.0,0.0,0
2025-03-01,de,2.17,0.022,9
2025-03-01,fl,15.5,0.386,631
2025-03-01,ga,40.42,1.463,815
2025-03-01,hi,0.0,0.0,0
2025-03-01,ia,16.37,0.408,169
2025-03-01,id,1.38,0.014,1
2025-03-01,il,47.2,1.774,1018
2025-03-01,in,27.04,0.631,274
2025-03-01,ks,24.29,0.684,262
2025-03-01,ky,31.13,0.728,260
2025-03-01,la,22.67,0.368,175
2025-03-01,ma,6.98,0.104,109
2025-03-01,md,0.08,0.001,7
2025-03-01,me,0.0,0.0,2
2025-03-01,mi,42.08,1.017,694
2025-03-01,mn,2.87,0.039,43
2025-03-01,mo,10.32,0.162,138
2025-03-01,ms,1.2,0.013,15
2025-03-01,mt,0.0,0.0,0
2025-03-01,nc,5.13,0.077,110
2025-03-01,nd,0.0,0.0,0
2025-03-01,ne,0.43,0.009,7
2025-03-01,nh,0.0,0.0,20
2025-03-01,nj,1.34,0.018,28
2025-03-01,nm,1.36,0.014,6
2025-03-01,nv,0.6,0.006,4
2025-03-01,ny,4.27,0.059,102
2025-03-01,oh,26.38,0.579,722
2025-03-01,ok,36.03,0.602,281
2025-03-01,or,3.12,0.044,79
2025-03-01,pa,1.52,0.033,37
2025-03-01,ri,30.0,0.461,36
2025-03-01,sc,5.46,0.106,41
2025-03-01,sd,1.71,0.017,11
2025-03-01,tn,9.19,0.146,181
2025-03-01,tx,19.3,0.462,900
2025-03-01,ut,2.52,0.033,18
2025-03-01,va,22.74,0.618,555
2025-03-01,vt,0.0,0.0,0
2025-03-01,wa,2.59,0.047,61
2025-03-01,wi,34.26,0.839,477
2025-03-01,wv,0.34,0.007,3
2025-03-01,wy,0.74,0.022,5
2025-04-01,ak,0.0,0.0,0
2025-04-01,al,24.64,0.607,412
2025-04-01,ar,9.0,0.122,31
2025-04-01,az,8.06,0.161,111
2025-04-01,ca,28.18,1.25,3033
2025-04-01,co,34.52,0.77,369
2025-04-01,ct,16.53,0.239,44
2025-04-01,dc,0.0,0.0,1
2025-04-01,de,2.17,0.022,9
2025-04-01,fl,22.06,0.58,833
2025-04-01,ga,45.99,1.639,1013
2025-04-01,hi,0.0,0.0,0
2025-04-01,ia,17.55,0.443,191
2025-04-01,id,1.38,0.014,1
2025-04-01,il,49.12,1.876,1167
2025-04-01,in,30.31,0.747,345
2025-04-01,ks,26.72,0.729,278
2025-04-01,ky,33.67,0.817,304
2025-04-01,la,29.96,0.546,263
2025-04-01,ma,10.43,0.153,128
2025-04-01,md,0.08,0.001,14
2025-04-01,me,0.0,0.0,2
2025-04-01,mi,42.83,1.048,722
2025-04-01,mn,5.16,0.065,58
2025-04-01,mo,21.64,0.488,211
2025-04-01,ms,1.88,0.022,29
2025-04-01,mt,0.0,0.0,0
2025-04-01,nc,6.14,0.092,131
2025-04-01,nd,0.34,0.003,1
2025-04-01,ne,5.44,0.065,20
2025-04-01,nh,0.0,0.0,20
2025-04-01,nj,1.85,0.03,39
2025-04-01,nm,6.42,0.218,38
2025-04-01,nv,0.6,0.006,4
2025-04-01,ny,5.69,0.093,155
2025-04-01,oh,29.47,0.692,815
2025-04-01,ok,39.58,0.769,351
2025-04-01,or,3.12,0.044,90
2025-04-01,pa,1.6,0.035,40
2025-04-01,ri,33.92,0.56,46
2025-04-01,sc,6.56,0.124,50
2025-04-01,sd,1.71,0.017,17
2025-04-01,tn,10.36,0.175,214
2025-04-01,tx,24.57,0.599,1228
2025-04-01,ut,22.48,0.378,78
2025-04-01,va,24.96,0.715,646
2025-04-01,vt,0.0,0.0,0
2025-04-01,wa,8.97,0.226,150
2025-04-01,wi,36.86,0.924,507
2025-04-01,wv,0.34,0.007,3
2025-04-01,wy,1.91,0.098,26
2025-05-01,ak,0.0,0.0,0
2025-05-01,al,28.9,0.779,505
2025-05-01,ar,9.0,0.122,31
2025-05-01,az,12.05,0.26,183
2025-05-01,ca,30.23,1.334,3280
2025-05-01,co,36.56,0.827,457
2025-05-01,ct,16.53,0.239,47
2025-05-01,dc,0.0,0.0,2
2025-05-01,de,7.58,0.087,11
2025-05-01,fl,27.09,0.764,1072
2025-05-01,ga,49.79,1.851,1165
2025-05-01,hi,0.0,0.0,0
2025-05-01,ia,25.23,0.653,269
2025-05-01,id,1.38,0.014,4
2025-05-01,il,52.21,2.152,1320
2025-05-01,in,32.33,0.825,390
2025-05-01,ks,29.08,0.782,293
2025-05-01,ky,34.86,0.85,317
2025-05-01,la,29.96,0.546,270
2025-05-01,ma,12.03,0.177,137
2025-05-01,md,0.08,0.001,16
2025-05-01,me,0.0,0.0,2
2025-05-01,mi,56.75,2.552,1504
2025-05-01,mn,7.78,0.1,100
2025-05-01,mo,22.73,0.541,239
2025-05-01,ms,1.88,0.022,29
2025-05-01,mt,0.0,0.0,1
2025-05-01,nc,6.48,0.098,144
2025-05-01,nd,0.34,0.003,1
2025-05-01,ne,6.12,0.099,26
2025-05-01,nh,0.0,0.0,20
2025-05-01,nj,2.02,0.032,48
2025-05-01,nm,7.49,0.23,52
2025-05-01,nv,3.7,0.037,5
2025-05-01,ny,22.51,0.408,346
2025-05-01,oh,31.05,0.736,879
2025-05-01,ok,47.59,1.002,467
2025-05-01,or,4.42,0.075,111
2025-05-01,pa,1.6,0.035,40
2025-05-01,ri,33.92,0.56,46
2025-05-01,sc,7.5,0.141,51
2025-05-01,sd,1.71,0.017,17
2025-05-01,tn,12.03,0.218,244
2025-05-01,tx,27.55,0.662,1404
2025-05-01,ut,25.0,0.484,98
2025-05-01,va,29.9,0.944,816
2025-05-01,vt,0.0,0.0,0
2025-05-01,wa,16.91,0.404,273
2025-05-01,wi,47.77,1.278,748
2025-05-01,wv,0.51,0.01,5
2025-05-01,wy,1.91,0.098,26
2025-06-01,ak,0.0,0.0,0
2025-06-01,al,32.05,0.83,601
2025-06-01,ar,12.87,0.228,70
2025-06-01,az,12.82,0.271,202
2025-06-01,ca,32.71,1.414,3570
2025-06-01,co,38.78,0.874,493
2025-06-01,ct,17.86,0.262,54
2025-06-01,dc,0.0,0.0,4
2025-06-01,de,7.58,0.087,11
2025-06-01,fl,28.88,0.813,1168
2025-06-01,ga,51.56,1.986,1274
2025-06-01,hi,0.0,0.0,0
2025-06-01,ia,34.51,0.9,362
2025-06-01,id,1.38,0.014,4
2025-06-01,il,55.81,2.485,1466
2025-06-01,in,34.68,0.955,458
2025-06-01,ks,29.58,0.791,301
2025-06-01,ky,35.45,0.863,324
2025-06-01,la,37.87,0.896,351
2025-06-01,ma,16.82,0.243,177
2025-06-01,md,0.08,0.001,16
2025-06-01,me,0.0,0.0,2
2025-06-01,mi,61.02,3.376,2003
2025-06-01,mn,11.58,0.153,156
2025-06-01,mo,23.66,0.555,256
2025-06-01,ms,3.51,0.041,39
2025-06-01,mt,0.0,0.0,1
2025-06-01,nc,7.23,0.11,185
2025-06-01,nd,4.47,0.059,13
2025-06-01,ne,6.8,0.112,32
2025-06-01,nh,0.0,0.0,20
2025-06-01,nj,2.94,0.044,57
2025-06-01,nm,7.49,0.23,75
2025-06-01,nv,3.7,0.037,5
2025-06-01,ny,24.44,0.458,379
2025-06-01,oh,32.64,0.779,949
2025-06-01,ok,48.95,1.036,498
2025-06-01,or,5.12,0.082,120
2025-06-01,pa,2.19,0.045,48
2025-06-01,ri,33.92,0.583,47
2025-06-01,sc,9.29,0.189,91
2025-06-01,sd,1.71,0.017,18
2025-06-01,tn,14.62,0.254,284
2025-06-01,tx,29.17,0.713,1593
2025-06-01,ut,25.36,0.493,104
2025-06-01,va,35.01,1.069,934
2025-06-01,vt,0.0,0.0,0
2025-06-01,wa,17.86,0.426,322
2025-06-01,wi,53.4,1.482,876
2025-06-01,wv,0.51,0.01,5
2025-06-01,wy,1.91,0.098,26
2025-07-01,ak,0.0,0.0,0
2025-07-01,al,33.33,0.858,621
2025-07-01,ar,21.03,0.421,90
2025-07-01,az,15.94,0.353,246
2025-07-01,ca,35.61,1.536,3950
2025-07-01,co,40.73,0.976,550
2025-07-01,ct,18.86,0.285,59
2025-07-01,dc,0.08,0.002,4
2025-07-01,de,13.75,0.157,42
2025-07-01,fl,30.41,0.853,1214
2025-07-01,ga,54.51,2.132,1391
2025-07-01,hi,0.0,0.0,0
2025-07-01,ia,37.47,0.978,405
2025-07-01,id,1.38,0.014,10
2025-07-01,il,58.65,2.705,1592
2025-07-01,in,36.02,1.018,509
2025-07-01,ks,30.92,0.844,321
2025-07-01,ky,35.7,0.869,332
2025-07-01,la,38.49,0.957,381
2025-07-01,ma,31.03,0.99,240
2025-07-01,md,6.81,0.112,68
2025-07-01,me,0.52,0.016,6
2025-07-01,mi,62.78,3.469,2190
2025-07-01,mn,16.15,0.238,217
2025-07-01,mo,33.22,0.853,364
2025-07-01,ms,6.68,0.107,76
2025-07-01,mt,0.0,0.0,1
2025-07-01,nc,8.16,0.123,210
2025-07-01,nd,5.49,0.069,18
2025-07-01,ne,8.33,0.146,44
2025-07-01,nh,11.91,0.176,52
2025-07-01,nj,4.37,0.06,63
2025-07-01,nm,9.05,0.245,80
2025-07-01,nv,3.78,0.038,7
2025-07-01,ny,25.61,0.498,429
2025-07-01,oh,36.56,0.902,1085
2025-07-01,ok,50.46,1.103,525
2025-07-01,or,7.46,0.121,154
2025-07-01,pa,2.36,0.046,53
2025-07-01,ri,34.5,0.588,48
2025-07-01,sc,12.11,0.233,120
2025-07-01,sd,1.71,0.017,18
2025-07-01,tn,16.79,0.3,311
2025-07-01,tx,34.18,0.897,1925
2025-07-01,ut,31.29,0.61,133
2025-07-01,va,37.99,1.244,1112
2025-07-01,vt,0.0,0.0,0
2025-07-01,wa,26.57,0.683,446
2025-07-01,wi,54.91,1.547,946
2025-07-01,wv,0.51,0.01,6
2025-07-01,wy,1.91,0.098,26
2025-08-01,ak,0.0,0.0,0
2025-08-01,al,33.67,0.876,634
2025-08-01,ar,22.62,0.444,99
2025-08-01,az,17.07,0.381,314
2025-08-01,ca,39.28,1.681,4308
2025-08-01,co,45.61,1.179,626
2025-08-01,ct,19.45,0.291,63
2025-08-01,dc,0.08,0.002,5
2025-08-01,de,16.92,0.256,70
2025-08-01,fl,33.48,0.934,1290
2025-08-01,ga,57.3,2.235,1560
2025-08-01,hi,0.0,0.0,0
2025-08-01,ia,38.73,1.08,431
2025-08-01,id,1.38,0.014,11
2025-08-01,il,59.9,2.851,1730
2025-08-01,in,38.46,1.092,571
2025-08-01,ks,30.92,0.845,326
2025-08-01,ky,36.72,0.928,361
2025-08-01,la,38.67,0.959,386
2025-08-01,ma,31.46,1.001,250
2025-08-01,md,15.88,0.365,189
2025-08-01,me,0.52,0.016,6
2025-08-01,mi,63.79,3.578,2354
2025-08-01,mn,17.41,0.257,235
2025-08-01,mo,37.42,0.974,483
2025-08-01,ms,9.85,0.195,104
2025-08-01,mt,0.0,0.0,1
2025-08-01,nc,9.17,0.146,238
2025-08-01,nd,5.74,0.079,20
2025-08-01,ne,8.33,0.146,44
2025-08-01,nh,11.91,0.176,52
2025-08-01,nj,4.87,0.065,72
2025-08-01,nm,9.14,0.246,85
2025-08-01,nv,3.78,0.038,7
2025-08-01,ny,25.77,0.5,437
2025-08-01,oh,41.24,1.124,1359
2025-08-01,ok,50.46,1.102,523
2025-08-01,or,7.46,0.121,157
2025-08-01,pa,2.36,0.046,57
2025-08-01,ri,34.75,0.602,49
2025-08-01,sc,13.04,0.257,141
2025-08-01,sd,1.71,0.021,19
2025-08-01,tn,17.79,0.324,327
2025-08-01,tx,34.86,0.943,2031
2025-08-01,ut,38.13,0.72,150
2025-08-01,va,39.44,1.294,1232
2025-08-01,vt,0.0,0.0,0
2025-08-01,wa,32.01,0.871,596
2025-08-01,wi,55.84,1.588,976
2025-08-01,wv,0.51,0.007,6
2025-08-01,wy,1.91,0.098,26
2025-09-01,ak,0.0,0.0,0
2025-09-01,al,43.9,1.176,896
2025-09-01,ar,24.81,0.485,116
2025-09-01,az,32.5,0.802,586
2025-09-01,ca,43.64,1.821,4917
2025-09-01,co,50.49,1.396,830
2025-09-01,ct,24.21,0.375,81
2025-09-01,dc,0.08,0.002,6
2025-09-01,de,16.92,0.256,71
2025-09-01,fl,35.78,1.026,1394
2025-09-01,ga,60.34,2.408,1708
2025-09-01,hi,0.0,0.0,0
2025-09-01,ia,39.24,1.079,439
2025-09-01,id,9.2,0.153,54
2025-09-01,il,65.91,3.253,2076
2025-09-01,in,41.48,1.207,659
2025-09-01,ks,33.28,0.95,383
2025-09-01,ky,38.75,1.026,413
2025-09-01,la,42.13,1.033,413
2025-09-01,ma,32.04,1.01,260
2025-09-01,md,17.65,0.455,224
2025-09-01,me,0.52,0.016,7
2025-09-01,mi,64.79,3.707,2447
2025-09-01,mn,19.7,0.287,247
2025-09-01,mo,40.27,1.13,541
2025-09-01,ms,10.1,0.202,105
2025-09-01,mt,0.0,0.0,14
2025-09-01,nc,11.1,0.18,318
2025-09-01,nd,5.74,0.079,24
2025-09-01,ne,10.88,0.19,81
2025-09-01,nh,11.91,0.176,52
2025-09-01,nj,5.54,0.081,87
2025-09-01,nm,9.44,0.249,104
2025-09-01,nv,6.45,0.067,56
2025-09-01,ny,28.28,0.566,514
2025-09-01,oh,46.41,1.275,1523
2025-09-01,ok,50.04,1.135,552
2025-09-01,or,10.75,0.231,215
2025-09-01,pa,3.46,0.073,106
2025-09-01,ri,39.5,0.779,65
2025-09-01,sc,22.59,0.435,199
2025-09-01,sd,1.71,0.021,19
2025-09-01,tn,18.55,0.343,365
2025-09-01,tx,38.95,1.087,2447
2025-09-01,ut,39.03,0.757,167
2025-09-01,va,41.82,1.371,1288
2025-09-01,vt,0.0,0.0,0
2025-09-01,wa,34.34,0.962,747
2025-09-01,wi,56.76,1.712,1047
2025-09-01,wv,0.6,0.009,7
2025-09-01,wy,1.91,0.098,26
2025-10-01,ak,0.0,0.0,0
2025-10-01,al,47.66,1.336,1059
2025-10-01,ar,25.32,0.492,123
2025-10-01,az,36.22,1.022,755
2025-10-01,ca,48.33,2.098,5906
2025-10-01,co,55.99,1.587,965
2025-10-01,ct,40.73,1.601,254
2025-10-01,dc,14.92,0.227,29
2025-10-01,de,23.5,0.438,97
2025-10-01,fl,40.03,1.179,1580
2025-10-01,ga,63.71,2.617,1879
2025-10-01,hi,0.0,0.0,0
2025-10-01,ia,40.68,1.118,452
2025-10-01,id,9.57,0.177,58
2025-10-01,il,69.26,4.189,2376
2025-10-01,in,46.18,1.401,800
2025-10-01,ks,44.03,1.246,462
2025-10-01,ky,40.44,1.117,467
2025-10-01,la,42.76,1.045,427
2025-10-01,ma,35.41,1.071,283
2025-10-01,md,19.92,0.51,248
2025-10-01,me,0.52,0.016,7
2025-10-01,mi,65.13,3.765,2514
2025-10-01,mn,24.26,0.365,290
2025-10-01,mo,44.88,1.299,624
2025-10-01,ms,12.33,0.231,116
2025-10-01,mt,0.0,0.0,16
2025-10-01,nc,14.05,0.255,439
2025-10-01,nd,5.74,0.079,24
2025-10-01,ne,11.05,0.196,89
2025-10-01,nh,11.91,0.176,52
2025-10-01,nj,7.56,0.123,126
2025-10-01,nm,29.38,1.158,203
2025-10-01,nv,28.29,0.561,245
2025-10-01,ny,29.12,0.599,616
2025-10-01,oh,52.09,1.466,1828
2025-10-01,ok,50.04,1.135,585
2025-10-01,or,12.06,0.252,221
2025-10-01,pa,3.88,0.077,121
2025-10-01,ri,41.58,0.823,68
2025-10-01,sc,24.98,0.536,260
2025-10-01,sd,2.43,0.033,27
2025-10-01,tn,22.81,0.424,460
2025-10-01,tx,44.73,1.398,3648
2025-10-01,ut,48.02,0.973,224
2025-10-01,va,43.87,1.474,1400
2025-10-01,vt,0.0,0.0,0
2025-10-01,wa,35.63,1.017,796
2025-10-01,wi,59.78,1.851,1130
2025-10-01,wv,0.6,0.009,7
2025-10-01,wy,1.91,0.098,27
2025-11-01,ak,0.0,0.0,0
2025-11-01,al,49.1,1.39,1100
2025-11-01,ar,31.79,0.625,167
2025-11-01,az,41.59,1.216,908
2025-11-01,ca,56.7,2.534,7653
2025-11-01,co,59.89,1.816,1141
2025-11-01,ct,46.91,1.796,339
2025-11-01,dc,19.25,0.291,43
2025-11-01,de,23.5,0.439,98
2025-11-01,fl,44.72,1.412,1856
2025-11-01,ga,66.33,2.954,2190
2025-11-01,hi,0.98,0.01,16
2025-11-01,ia,40.93,1.147,464
2025-11-01,id,13.16,0.284,88
2025-11-01,il,72.1,4.571,2675
2025-11-01,in,50.8,1.6,923
2025-11-01,ks,46.22,1.389,532
2025-11-01,ky,44.84,1.234,536
2025-11-01,la,46.58,1.188,475
2025-11-01,ma,41.72,1.228,348
2025-11-01,md,20.25,0.534,270
2025-11-01,me,6.54,0.086,15
2025-11-01,mi,65.63,3.792,2576
2025-11-01,mn,25.11,0.377,315
2025-11-01,mo,49.5,1.575,816
2025-11-01,ms,12.76,0.235,130
2025-11-01,mt,0.0,0.0,16
2025-11-01,nc,15.98,0.305,561
2025-11-01,nd,10.89,0.183,34
2025-11-01,ne,11.22,0.198,90
2025-11-01,nh,11.91,0.176,53
2025-11-01,nj,18.81,0.373,238
2025-11-01,nm,35.31,1.285,255
2025-11-01,nv,35.17,0.776,323
2025-11-01,ny,30.46,0.633,697
2025-11-01,oh,55.76,1.649,2107
2025-11-01,ok,50.8,1.159,619
2025-11-01,or,12.58,0.265,240
2025-11-01,pa,5.91,0.105,174
2025-11-01,ri,42.25,0.837,70
2025-11-01,sc,27.11,0.579,322
2025-11-01,sd,5.84,0.063,32
2025-11-01,tn,29.07,0.631,668
2025-11-01,tx,50.94,1.679,4554
2025-11-01,ut,49.46,1.04,255
2025-11-01,va,46.93,1.552,1476
2025-11-01,vt,1.06,0.011,2
2025-11-01,wa,38.48,1.157,905
2025-11-01,wi,61.63,1.967,1224
2025-11-01,wv,1.2,0.015,11
2025-11-01,wy,12.11,0.288,45
2025-12-01,ak,0.0,0.0,0
2025-12-01,al,52.34,1.508,1208
2025-12-01,ar,40.12,0.947,256
2025-12-01,az,48.09,1.635,1181
2025-12-01,ca,63.62,3.193,9292
2025-12-01,co,66.37,2.163,1380
2025-12-01,ct,56.93,2.409,495
2025-12-01,dc,19.25,0.298,47
2025-12-01,de,28.67,0.54,124
2025-12-01,fl,55.2,1.98,2862
2025-12-01,ga,74.43,3.887,3062
2025-12-01,hi,4.88,0.068,27
2025-12-01,ia,41.52,1.166,488
2025-12-01,id,20.15,0.489,123
2025-12-01,il,77.19,5.178,3308
2025-12-01,in,64.57,2.332,1483
2025-12-01,ks,56.3,1.797,810
2025-12-01,ky,52.28,1.519,672
2025-12-01,la,53.42,1.618,661
2025-12-01,ma,43.82,1.314,407
2025-12-01,md,25.71,0.711,347
2025-12-01,me,7.59,0.132,18
2025-12-01,mi,67.14,3.883,2688
2025-12-01,mn,38.55,1.003,490
2025-12-01,mo,56.38,1.893,1092
2025-12-01,ms,17.89,0.328,158
2025-12-01,mt,0.0,0.0,21
2025-12-01,nc,27.42,0.537,920
2025-12-01,nd,13.5,0.243,50
2025-12-01,ne,15.14,0.246,104
2025-12-01,nh,11.91,0.176,53
2025-12-01,nj,28.04,0.621,457
2025-12-01,nm,55.74,2.337,510
2025-12-01,nv,41.27,1.008,377
2025-12-01,ny,54.56,2.405,1258
2025-12-01,oh,64.61,2.129,2752
2025-12-01,ok,52.15,1.197,658
2025-12-01,or,18.13,0.414,305
2025-12-01,pa,9.87,0.228,315
2025-12-01,ri,49.5,0.973,97
2025-12-01,sc,35.72,0.873,502
2025-12-01,sd,10.87,0.144,41
2025-12-01,tn,41.77,1.066,1042
2025-12-01,tx,59.18,2.138,5897
2025-12-01,ut,55.4,1.27,372
2025-12-01,va,51.79,1.738,1681
2025-12-01,vt,1.42,0.02,5
2025-12-01,wa,44.26,1.345,1141
2025-12-01,wi,65.24,2.115,1359
2025-12-01,wv,6.95,0.114,42
2025-12-01,wy,13.71,0.311,50
2026-01-01,ak,0.0,0.0,0
2026-01-01,al,56.1,2.03,1386
2026-01-01,ar,46.59,1.185,326
2026-01-01,az,51.04,1.838,1416
2026-01-01,ca,67.72,3.574,10541
2026-01-01,co,69.65,2.436,1599
2026-01-01,ct,60.68,2.616,548
2026-01-01,dc,19.25,0.298,48
2026-01-01,de,31.5,0.581,142
2026-01-01,fl,65.5,2.78,3877
2026-01-01,ga,80.42,4.97,3996
2026-01-01,hi,7.81,0.271,52
2026-01-01,ia,43.38,1.22,530
2026-01-01,id,23.74,0.603,144
2026-01-01,il,79.87,5.712,3921
2026-01-01,in,70.19,2.869,1856
2026-01-01,ks,59.5,1.971,910
2026-01-01,ky,60.32,1.876,852
2026-01-01,la,59.2,1.964,821
2026-01-01,ma,50.29,1.539,514
2026-01-01,md,34.71,1.155,440
2026-01-01,me,10.3,0.181,24
2026-01-01,mi,67.64,3.967,2813
2026-01-01,mn,47.17,1.243,789
2026-01-01,mo,58.98,2.214,1297
2026-01-01,ms,22.69,0.42,207
2026-01-01,mt,0.0,0.0,23
2026-01-01,nc,33.22,0.768,1253
2026-01-01,nd,16.46,0.32,74
2026-01-01,ne,19.3,0.32,152
2026-01-01,nh,11.91,0.176,53
2026-01-01,nj,35.01,0.868,654
2026-01-01,nm,60.8,2.494,558
2026-01-01,nv,45.49,1.268,458
2026-01-01,ny,63.77,4.336,1849
2026-01-01,oh,69.53,2.523,3384
2026-01-01,ok,52.74,1.227,705
2026-01-01,or,18.56,0.407,331
2026-01-01,pa,17.05,0.522,579
2026-01-01,ri,60.0,1.26,140
2026-01-01,sc,42.28,1.145,677
2026-01-01,sd,12.94,0.175,59
2026-01-01,tn,48.04,1.378,1358
2026-01-01,tx,63.35,2.463,7005
2026-01-01,ut,60.88,1.588,455
2026-01-01,va,56.3,1.956,1887
2026-01-01,vt,1.42,0.02,5
2026-01-01,wa,46.25,1.423,1266
2026-01-01,wi,67.84,2.273,1449
2026-01-01,wv,10.03,0.161,49
2026-01-01,wy,13.71,0.311,50
2026-02-01,ak,0.0,0.0,0
2026-02-01,al,58.31,2.124,1521
2026-02-01,ar,48.11,1.271,367
2026-02-01,az,52.77,2.045,1662
2026-02-01,ca,70.79,3.815,11604
2026-02-01,co,72.14,2.656,1784
2026-02-01,ct,63.61,2.895,598
2026-02-01,dc,24.33,0.398,72
2026-02-01,de,36.42,0.678,157
2026-02-01,fl,70.44,3.228,4636
2026-02-01,ga,82.95,5.527,4613
2026-02-01,hi,8.03,0.273,44
2026-02-01,ia,45.06,1.278,559
2026-02-01,id,26.77,0.711,161
2026-02-01,il,81.7,6.145,4286
2026-02-01,in,72.63,3.139,2065
2026-02-01,ks,65.71,2.591,1144
2026-02-01,ky,62.27,1.989,958
2026-02-01,la,65.16,2.486,1111
2026-02-01,ma,53.24,1.643,609
2026-02-01,md,36.47,1.246,502
2026-02-01,me,17.02,0.301,33
2026-02-01,mi,67.9,4.028,2880
2026-02-01,mn,50.89,1.384,935
2026-02-01,mo,66.36,2.872,1703
2026-02-01,ms,24.49,0.472,257
2026-02-01,mt,0.0,0.0,24
2026-02-01,nc,39.11,0.983,1520
2026-02-01,nd,19.32,0.404,84
2026-02-01,ne,25.09,0.413,184
2026-02-01,nh,12.6,0.187,55
2026-02-01,nj,38.37,0.996,763
2026-02-01,nm,61.67,2.562,604
2026-02-01,nv,49.44,1.518,511
2026-02-01,ny,66.61,4.868,2157
2026-02-01,oh,72.37,2.85,3877
2026-02-01,ok,54.51,1.289,787
2026-02-01,or,21.34,0.465,356
2026-02-01,pa,20.93,0.667,721
2026-02-01,ri,62.5,1.573,170
2026-02-01,sc,49.53,1.531,884
2026-02-01,sd,15.45,0.201,71
2026-02-01,tn,51.55,1.528,1522
2026-02-01,tx,65.99,2.73,7975
2026-02-01,ut,63.31,1.808,587
2026-02-01,va,60.73,2.193,2070
2026-02-01,vt,3.28,0.049,9
2026-02-01,wa,50.99,1.64,1445
2026-02-01,wi,69.19,2.377,1531
2026-02-01,wv,10.03,0.165,63
2026-02-01,wy,13.71,0.311,50
2026-03-01,ak,0.0,0.0,0
2026-03-01,al,60.27,2.221,1621
2026-03-01,ar,50.8,1.384,411
2026-03-01,az,54.16,2.159,1749
2026-03-01,ca,72.08,4.041,12545
2026-03-01,co,73.74,2.853,1906
2026-03-01,ct,65.53,3.033,646
2026-03-01,dc,24.42,0.399,75
2026-03-01,de,46.58,0.91,180
2026-03-01,fl,74.02,3.553,5101
2026-03-01,ga,85.06,5.995,5136
2026-03-01,hi,15.94,0.357,52
2026-03-01,ia,47.0,1.337,605
2026-03-01,id,28.15,0.762,171
2026-03-01,il,83.12,6.48,4594
2026-03-01,in,74.06,3.421,2303
2026-03-01,ks,69.24,2.971,1350
2026-03-01,ky,63.45,2.133,1043
2026-03-01,la,66.22,2.65,1200
2026-03-01,ma,53.66,1.665,644
2026-03-01,md,37.56,1.305,520
2026-03-01,me,17.19,0.312,37
2026-03-01,mi,68.23,4.08,2927
2026-03-01,mn,51.65,1.438,979
2026-03-01,mo,69.46,3.257,1920
2026-03-01,ms,25.94,0.545,283
2026-03-01,mt,0.0,0.0,27
2026-03-01,nc,41.63,1.088,1686
2026-03-01,nd,19.66,0.477,90
2026-03-01,ne,30.02,0.497,221
2026-03-01,nh,12.6,0.187,55
2026-03-01,nj,40.13,1.076,846
2026-03-01,nm,62.94,2.641,630
2026-03-01,nv,51.5,1.606,549
2026-03-01,ny,68.28,5.154,2332
2026-03-01,oh,73.21,3.007,4176
2026-03-01,ok,55.7,1.319,875
2026-03-01,or,26.19,0.523,366
2026-03-01,pa,22.7,0.698,807
2026-03-01,ri,64.92,1.642,179
2026-03-01,sc,54.13,1.87,1003
2026-03-01,sd,20.93,0.3,80
2026-03-01,tn,53.97,1.633,1650
2026-03-01,tx,70.66,3.259,9077
2026-03-01,ut,65.02,1.894,648
2026-03-01,va,62.18,2.331,2246
2026-03-01,vt,3.28,0.056,11
2026-03-01,wa,52.11,1.731,1521
2026-03-01,wi,70.11,2.457,1621
2026-03-01,wv,10.38,0.172,71
2026-03-01,wy,16.9,0.39,54
2026-04-01,ak,0.0,0.0,0
2026-04-01,al,63.68,2.413,1749
2026-04-01,ar,52.99,1.49,473
2026-04-01,az,56.41,2.306,1852
2026-04-01,ca,74.04,4.287,13325
2026-04-01,co,74.09,2.946,1985
2026-04-01,ct,66.61,3.252,692
2026-04-01,dc,29.5,0.503,96
2026-04-01,de,60.67,1.573,275
2026-04-01,fl,77.77,4.032,5786
2026-04-01,ga,86.5,6.431,5593
2026-04-01,hi,15.94,0.357,52
2026-04-01,ia,48.27,1.392,670
2026-04-01,id,29.07,0.829,184
2026-04-01,il,84.29,6.818,4985
2026-04-01,in,74.98,3.579,2431
2026-04-01,ks,72.27,3.446,1535
2026-04-01,ky,65.4,2.37,1160
2026-04-01,la,68.62,2.802,1271
2026-04-01,ma,56.43,1.75,688
2026-04-01,md,40.59,1.423,655
2026-04-01,me,17.36,0.343,39
2026-04-01,mi,68.82,4.113,2982
2026-04-01,mn,53.42,1.524,1070
2026-04-01,mo,71.64,3.535,2075
2026-04-01,ms,30.31,0.79,361
2026-04-01,mt,0.0,0.0,27
2026-04-01,nc,46.43,1.294,1972
2026-04-01,nd,20.51,0.532,98
2026-04-01,ne,33.08,0.857,302
2026-04-01,nh,12.6,0.187,55
2026-04-01,nj,44.0,1.285,954
2026-04-01,nm,65.37,2.841,680
2026-04-01,nv,51.76,1.655,580
2026-04-01,ny,70.46,5.407,2573
2026-04-01,oh,75.38,3.358,4570
2026-04-01,ok,57.81,1.377,911
2026-04-01,or,26.54,0.556,388
2026-04-01,pa,27.51,0.93,1061
2026-04-01,ri,67.25,1.708,196
2026-04-01,sc,56.18,2.006,1093
2026-04-01,sd,21.92,0.336,88
2026-04-01,tn,56.47,1.83,1822
2026-04-01,tx,72.62,3.571,10033
2026-04-01,ut,68.97,2.038,699
2026-04-01,va,63.88,2.411,2340
2026-04-01,vt,3.28,0.056,12
2026-04-01,wa,53.06,1.807,1589
2026-04-01,wi,70.61,2.502,1677
2026-04-01,wv,11.66,0.186,85
2026-04-01,wy,16.9,0.397,56
2026-05-01,ak,0.0,0.0,0
2026-05-01,al,65.3,2.537,1858
2026-05-01,ar,55.34,1.584,577
2026-05-01,az,59.62,2.475,1968
2026-05-01,ca,75.49,4.591,14333
2026-05-01,co,75.42,3.135,2106
2026-05-01,ct,66.86,3.344,724
2026-05-01,dc,33.58,0.567,102
2026-05-01,de,61.75,1.648,294
2026-05-01,fl,79.13,4.336,6345
2026-05-01,ga,87.85,6.884,6059
2026-05-01,hi,15.94,0.357,55
2026-05-01,ia,49.45,1.441,702
2026-05-01,id,30.73,0.871,203
2026-05-01,il,85.21,7.295,5301
2026-05-01,in,76.49,3.673,2543
2026-05-01,ks,72.94,3.529,1610
2026-05-01,ky,66.75,2.565,1275
2026-05-01,la,70.58,3.072,1373
2026-05-01,ma,57.7,1.855,755
2026-05-01,md,41.34,1.441,684
2026-05-01,me,19.81,0.373,44
2026-05-01,mi,69.49,4.197,3074
2026-05-01,mn,55.79,1.663,1186
2026-05-01,mo,73.57,3.67,2256
2026-05-01,ms,34.16,0.945,451
2026-05-01,mt,0.63,0.006,36
2026-05-01,nc,51.14,1.523,2246
2026-05-01,nd,20.51,0.534,103
2026-05-01,ne,34.61,0.935,333
2026-05-01,nh,12.6,0.187,56
2026-05-01,nj,48.87,1.568,1083
2026-05-01,nm,66.93,3.074,719
2026-05-01,nv,52.79,1.739,606
2026-05-01,ny,71.97,5.79,2816
2026-05-01,oh,77.3,3.747,4896
2026-05-01,ok,59.92,1.489,957
2026-05-01,or,26.89,0.582,406
2026-05-01,pa,29.79,1.169,1284
2026-05-01,ri,69.5,1.894,217
2026-05-01,sc,62.15,2.317,1223
2026-05-01,sd,29.11,0.45,94
2026-05-01,tn,58.56,1.997,1972
2026-05-01,tx,75.17,4.008,11103
2026-05-01,ut,70.23,2.14,780
2026-05-01,va,64.74,2.528,2460
2026-05-01,vt,3.28,0.056,13
2026-05-01,wa,54.01,1.884,1669
2026-05-01,wi,71.12,2.565,1735
2026-05-01,wv,23.24,0.334,105
2026-05-01,wy,16.9,0.397,56
2026-06-01,ak,0.0,0.0,1
2026-06-01,al,67.01,2.671,1956
2026-06-01,ar,58.7,2.153,715
2026-06-01,az,62.13,2.659,2087
2026-06-01,ca,79.68,5.764,15640
2026-06-01,co,76.04,3.342,2207
2026-06-01,ct,68.36,3.582,771
2026-06-01,dc,34.33,0.574,107
2026-06-01,de,64.92,1.924,326
2026-06-01,fl,80.07,4.647,6830
2026-06-01,ga,88.44,7.33,6451
2026-06-01,hi,15.94,0.357,55
2026-06-01,ia,50.38,1.491,732
2026-06-01,id,33.67,0.99,230
2026-06-01,il,85.96,7.526,5572
2026-06-01,in,78.34,3.893,2753
2026-06-01,ks,73.78,3.663,1670
2026-06-01,ky,69.54,2.833,1415
2026-06-01,la,72.0,3.166,1432
2026-06-01,ma,59.71,1.993,836
2026-06-01,md,42.86,1.497,722
2026-06-01,me,21.64,0.437,50
2026-06-01,mi,70.33,4.365,3190
2026-06-01,mn,58.07,1.798,1259
2026-06-01,mo,75.5,3.89,2451
2026-06-01,ms,40.15,1.288,554
2026-06-01,mt,0.63,0.006,43
2026-06-01,nc,54.5,1.738,2464
2026-06-01,nd,21.01,0.57,116
2026-06-01,ne,36.14,0.982,359
2026-06-01,nh,12.6,0.187,57
2026-06-01,nj,52.31,1.923,1262
2026-06-01,nm,67.22,3.216,766
2026-06-01,nv,54.26,1.798,636
2026-06-01,ny,74.64,6.279,3244
2026-06-01,oh,79.05,4.022,5253
2026-06-01,ok,62.28,1.653,1071
2026-06-01,or,26.45,0.565,405
2026-06-01,pa,33.92,1.322,1529
2026-06-01,ri,71.0,2.11,232
2026-06-01,sc,63.34,2.439,1327
2026-06-01,sd,31.27,0.491,108
2026-06-01,tn,60.9,2.135,2190
2026-06-01,tx,77.04,4.384,12175
2026-06-01,ut,73.29,2.322,849
2026-06-01,va,66.35,2.607,2556
2026-06-01,vt,3.28,0.057,18
2026-06-01,wa,54.1,1.893,1713
2026-06-01,wi,72.38,2.674,1818
2026-06-01,wv,26.76,0.437,130
2026-06-01,wy,19.77,0.43,57
2026-07-01,ak,0.0,0.0,1
2026-07-01,al,70.42,3.069,2104
2026-07-01,ar,61.98,2.229,822
2026-07-01,az,65.77,2.841,2184
2026-07-01,ca,81.9,6.153,16836
2026-07-01,co,77.46,3.426,2308
2026-07-01,ct,69.03,3.778,829
2026-07-01,dc,34.58,0.582,118
2026-07-01,de,65.75,2.036,354
2026-07-01,fl,81.35,4.918,7459
2026-07-01,ga,89.62,9.47,7265
2026-07-01,hi,15.94,0.357,57
2026-07-01,ia,51.56,1.549,774
2026-07-01,id,43.88,1.344,292
2026-07-01,il,87.13,7.749,5921
2026-07-01,in,78.84,4.176,2983
2026-07-01,ks,75.55,3.779,1755
2026-07-01,ky,70.81,3.004,1535
2026-07-01,la,73.78,3.511,1559
2026-07-01,ma,63.25,2.153,944
2026-07-01,md,46.3,1.643,795
2026-07-01,me,22.43,0.455,52
2026-07-01,mi,71.0,4.451,3334
2026-07-01,mn,59.76,1.828,1290
2026-07-01,mo,79.61,4.467,2838
2026-07-01,ms,46.32,1.57,690
2026-07-01,mt,0.63,0.006,45
2026-07-01,nc,58.96,2.183,2844
2026-07-01,nd,21.27,0.645,126
2026-07-01,ne,37.16,1.05,401
2026-07-01,nh,13.63,0.198,65
2026-07-01,nj,53.99,2.029,1386
2026-07-01,nm,68.48,3.413,833
2026-07-01,nv,57.44,1.929,674
2026-07-01,ny,76.49,6.529,3648
2026-07-01,oh,80.47,4.326,5673
2026-07-01,ok,64.89,1.908,1206
2026-07-01,or,30.01,0.618,442
2026-07-01,pa,37.47,1.527,1849
2026-07-01,ri,75.58,2.355,260
2026-07-01,sc,66.16,3.633,1489
2026-07-01,sd,34.86,0.579,123
2026-07-01,tn,65.0,2.481,2610
2026-07-01,tx,79.85,4.842,13456
2026-07-01,ut,75.81,2.478,908
2026-07-01,va,68.4,2.869,2746
2026-07-01,vt,3.9,0.063,24
2026-07-01,wa,54.96,1.94,1774
2026-07-01,wi,73.47,2.814,1935
2026-07-01,wv,32.93,0.825,177
2026-07-01,wy,19.77,0.43,60
2026-07-24,ak,0.0,0.0,0
2026-07-24,al,72.38,3.508,2333
2026-07-24,ar,66.69,2.632,1031
2026-07-24,az,67.59,3.12,2380
2026-07-24,ca,83.69,6.623,18312
2026-07-24,co,78.44,3.224,2454
2026-07-24,ct,71.04,3.965,882
2026-07-24,dc,43.08,0.757,131
2026-07-24,de,66.92,2.137,367
2026-07-24,fl,83.82,5.274,8268
2026-07-24,ga,90.8,10.325,8229
2026-07-24,hi,16.38,0.361,59
2026-07-24,ia,56.2,1.917,868
2026-07-24,id,49.77,1.608,347
2026-07-24,il,88.22,7.976,6287
2026-07-24,in,80.1,4.35,3253
2026-07-24,ks,76.55,3.967,1853
2026-07-24,ky,72.0,3.201,1687
2026-07-24,la,75.91,3.762,1718
2026-07-24,ma,64.42,2.336,1069
2026-07-24,md,47.06,1.671,853
2026-07-24,me,22.95,0.464,58
2026-07-24,mi,71.67,4.544,3442
2026-07-24,mn,62.13,1.943,1370
2026-07-24,mo,80.12,4.672,3046
2026-07-24,ms,53.68,1.931,852
2026-07-24,mt,4.28,0.043,51
2026-07-24,nc,62.83,2.675,3245
2026-07-24,nd,21.86,0.677,128
2026-07-24,ne,40.39,1.151,456
2026-07-24,nh,13.98,0.203,67
2026-07-24,nj,57.93,2.34,1599
2026-07-24,nm,69.65,3.56,872
2026-07-24,nv,59.59,2.062,746
2026-07-24,ny,78.33,6.777,3931
2026-07-24,oh,82.39,4.79,6157
2026-07-24,ok,65.06,1.983,1292
2026-07-24,or,30.88,0.703,480
2026-07-24,pa,40.51,1.865,2176
2026-07-24,ri,78.33,2.566,276
2026-07-24,sc,68.97,3.041,1676
2026-07-24,sd,38.81,0.695,141
2026-07-24,tn,69.26,2.832,3012
2026-07-24,tx,81.8,5.565,14729
2026-07-24,ut,77.61,2.642,970
2026-07-24,va,70.27,2.976,2875
2026-07-24,vt,3.99,0.065,30
2026-07-24,wa,61.43,2.155,1911
2026-07-24,wi,74.81,2.957,2027
2026-07-24,wv,33.53,1.088,214
2026-07-24,wy,22.32,0.463,62
2026-08-01,ak,12.27,0.123,2
2026-08-01,al,72.89,3.611,2415
2026-08-01,ar,66.86,2.605,1034
2026-08-01,az,67.5,3.137,2442
2026-08-01,ca,83.95,6.869,18751
2026-08-01,co,78.79,3.345,2497
2026-08-01,ct,71.29,4.015,912
2026-08-01,dc,43.25,0.767,132
2026-08-01,de,67.08,2.152,372
2026-08-01,fl,83.99,5.392,8515
2026-08-01,ga,91.14,10.451,8419
2026-08-01,hi,17.46,0.382,61
2026-08-01,ia,57.05,1.972,886
2026-08-01,id,51.33,1.677,367
2026-08-01,il,88.55,8.119,6448
2026-08-01,in,80.69,4.431,3321
2026-08-01,ks,77.31,4.111,1886
2026-08-01,ky,71.74,3.228,1740
2026-08-01,la,76.89,3.805,1745
2026-08-01,ma,64.84,2.395,1087
2026-08-01,md,47.14,1.667,863
2026-08-01,me,23.73,0.512,63
2026-08-01,mi,71.84,4.543,3473
2026-08-01,mn,62.81,2.009,1418
2026-08-01,mo,80.7,4.763,3116
2026-08-01,ms,55.65,2.182,892
2026-08-01,mt,4.28,0.043,53
2026-08-01,nc,63.67,2.775,3313
2026-08-01,nd,22.78,0.732,137
2026-08-01,ne,41.84,1.199,483
2026-08-01,nh,14.15,0.204,67
2026-08-01,nj,58.35,2.396,1659
2026-08-01,nm,71.3,3.726,905
2026-08-01,nv,60.88,2.219,778
2026-08-01,ny,78.66,6.819,4013
2026-08-01,oh,82.72,4.888,6269
2026-08-01,ok,65.99,2.045,1318
2026-08-01,or,30.01,0.653,466
2026-08-01,pa,42.87,2.065,2299
2026-08-01,ri,78.17,2.585,282
2026-08-01,sc,69.74,3.136,1758
2026-08-01,sd,38.81,0.698,147
2026-08-01,tn,69.84,2.928,3133
2026-08-01,tx,82.48,5.861,15171
2026-08-01,ut,78.69,2.71,1005
2026-08-01,va,71.04,3.227,3016
2026-08-01,vt,4.26,0.072,31
2026-08-01,wa,63.07,2.286,1952
2026-08-01,wi,75.06,3.018,2059
2026-08-01,wv,33.7,1.094,220
2026-08-01,wy,24.02,0.481,64
2026-09-01,ak,0.0,0.0,0
2026-09-01,al,77.41,4.157,2716
2026-09-01,ar,67.12,2.8,1045
2026-09-01,az,69.67,3.346,2604
2026-09-01,ca,86.08,7.122,20494
2026-09-01,co,80.75,3.863,2683
2026-09-01,ct,72.2,4.22,979
2026-09-01,dc,48.92,0.919,144
2026-09-01,de,67.42,2.265,444
2026-09-01,fl,86.2,6.13,9557
2026-09-01,ga,91.9,11.455,9671
2026-09-01,hi,29.39,0.574,78
2026-09-01,ia,54.43,1.63,870
2026-09-01,id,54.74,2.196,448
2026-09-01,il,89.97,8.727,7137
2026-09-01,in,81.7,4.719,3657
2026-09-01,ks,78.99,4.728,2074
2026-09-01,ky,74.2,3.515,1901
2026-09-01,la,78.58,4.358,2004
2026-09-01,ma,66.36,2.572,1195
2026-09-01,md,49.41,1.864,1004
2026-09-01,me,27.4,0.588,66
2026-09-01,mi,72.34,4.644,3669
2026-09-01,mn,62.38,2.089,1440
2026-09-01,mo,82.8,5.12,3450
2026-09-01,ms,59.67,2.706,1092
2026-09-01,mt,4.81,0.053,62
2026-09-01,nc,66.36,3.401,3635
2026-09-01,nd,27.85,0.97,180
2026-09-01,ne,46.43,1.308,552
2026-09-01,nh,14.75,0.211,64
2026-09-01,nj,65.49,2.985,2277
2026-09-01,nm,73.44,4.016,1012
2026-09-01,nv,65.18,2.495,921
2026-09-01,ny,80.25,7.264,4304
2026-09-01,oh,83.97,5.184,6743
2026-09-01,ok,67.85,2.164,1437
2026-09-01,or,35.65,0.76,558
2026-09-01,pa,54.18,2.752,3203
2026-09-01,ri,81.17,3.127,323
2026-09-01,sc,75.11,4.078,2015
2026-09-01,sd,39.62,0.762,184
2026-09-01,tn,72.85,3.289,3539
2026-09-01,tx,84.44,6.703,16620
2026-09-01,ut,81.21,3.347,1073
2026-09-01,va,73.17,4.089,3346
2026-09-01,vt,3.37,0.059,30
2026-09-01,wa,63.33,2.48,2273
2026-09-01,wi,71.2,2.992,2106
2026-09-01,wv,33.88,1.121,238
2026-09-01,wy,22.21,0.498,71
2026-09-22,ak,0.0,0.0,5
2026-09-22,al,79.62,4.758,2829
2026-09-22,ar,67.12,2.833,1068
2026-09-22,az,72.7,3.471,2696
2026-09-22,ca,86.59,7.345,20932
2026-09-22,co,79.77,3.855,2688
2026-09-22,ct,72.79,4.367,1013
2026-09-22,dc,49.42,0.933,151
2026-09-22,de,68.67,2.337,457
2026-09-22,fl,86.29,6.244,9797
2026-09-22,ga,91.9,11.765,9956
2026-09-22,hi,31.45,0.582,85
2026-09-22,ia,53.0,1.628,893
2026-09-22,id,55.57,2.267,463
2026-09-22,il,90.56,9.189,8483
2026-09-22,in,81.02,4.72,3696
2026-09-22,ks,77.65,4.296,2018
2026-09-22,ky,73.6,3.503,1915
2026-09-22,la,78.67,4.555,2088
2026-09-22,ma,65.43,2.582,1201
2026-09-22,md,49.75,1.86,1023
2026-09-22,me,26.18,0.559,65
2026-09-22,mi,72.84,4.601,3687
2026-09-22,mn,62.05,2.262,1516
2026-09-22,mo,82.8,5.086,3453
2026-09-22,ms,61.3,2.792,1149
2026-09-22,mt,11.81,0.222,87
2026-09-22,nc,66.44,3.462,3765
2026-09-22,nd,45.91,2.349,390
2026-09-22,ne,46.17,1.286,554
2026-09-22,nh,14.75,0.211,67
2026-09-22,nj,67.51,3.201,2410
2026-09-22,nm,74.61,4.197,1047
2026-09-22,nv,65.18,2.505,961
2026-09-22,ny,80.75,7.408,4452
2026-09-22,oh,84.72,5.254,6866
2026-09-22,ok,68.35,2.195,1493
2026-09-22,or,35.39,0.716,541
2026-09-22,pa,60.17,3.504,3737
2026-09-22,ri,81.42,3.06,325
2026-09-22,sc,76.04,4.587,2110
2026-09-22,sd,41.24,0.806,163
2026-09-22,tn,73.93,3.304,3619
2026-09-22,tx,84.86,6.884,17043
2026-09-22,ut,80.94,3.229,1063
2026-09-22,va,73.51,4.647,3454
2026-09-22,vt,5.41,0.079,30
2026-09-22,wa,63.93,2.506,2301
2026-09-22,wi,71.7,2.996,2134
2026-09-22,wv,34.05,1.14,246
2026-09-22,wy,22.95,0.506,72
